indice,Date,Price
0,2006-11-07,555.0
1,2006-12-07,555.0
2,2006-07-13,555.0
3,2006-07-14,555.0
4,2006-07-17,555.0
5,2006-07-18,555.0
6,2006-07-19,555.0
7,2006-07-20,555.0
8,2006-07-21,525.0
9,2006-07-24,525.0
10,2006-07-25,525.0
11,2006-07-26,525.0
12,2006-07-27,525.0
13,2006-07-28,525.0
14,2006-07-31,525.0
15,2006-01-08,525.0
16,2006-02-08,525.0
17,2006-03-08,525.0
18,2006-04-08,525.0
19,2006-07-08,525.0
20,2006-08-08,525.0
21,2006-09-08,525.0
22,2006-10-08,525.0
23,2006-11-08,495.0
24,2006-08-14,495.0
25,2006-08-15,495.0
26,2006-08-16,495.0
27,2006-08-17,495.0
28,2006-08-18,490.0
29,2006-08-21,490.0
30,2006-08-22,490.0
31,2006-08-23,490.0
32,2006-08-24,490.0
33,2006-08-25,470.0
34,2006-08-28,470.0
35,2006-08-29,470.0
36,2006-08-30,470.0
37,2006-08-31,470.0
38,2006-01-09,485.0
39,2006-04-09,485.0
40,2006-05-09,485.0
41,2006-06-09,485.0
42,2006-07-09,485.0
43,2006-08-09,485.0
44,2006-11-09,485.0
45,2006-12-09,485.0
46,2006-09-13,485.0
47,2006-09-14,485.0
48,2006-09-15,485.0
49,2006-09-18,485.0
50,2006-09-19,485.0
51,2006-09-20,485.0
52,2006-09-21,485.0
53,2006-09-22,452.5
54,2006-09-25,452.5
55,2006-09-26,452.5
56,2006-09-27,452.5
57,2006-09-28,452.5
58,2006-09-29,452.5
59,2006-02-10,452.5
60,2006-03-10,452.5
61,2006-04-10,452.5
62,2006-05-10,452.5
63,2006-06-10,452.5
64,2006-09-10,452.5
65,2006-10-10,452.5
66,2006-11-10,452.5
67,2006-12-10,452.5
68,2006-10-13,485.0
69,2006-10-16,485.0
70,2006-10-17,485.0
71,2006-10-18,485.0
72,2006-10-19,485.0
73,2006-10-20,485.0
74,2006-10-23,485.0
75,2006-10-24,485.0
76,2006-10-25,485.0
77,2006-10-26,485.0
78,2006-10-27,485.0
79,2006-10-30,485.0
80,2006-10-31,485.0
81,2006-01-11,485.0
82,2006-02-11,485.0
83,2006-03-11,470.0
84,2006-06-11,470.0
85,2006-07-11,470.0
86,2006-08-11,470.0
87,2006-09-11,470.0
88,2006-10-11,470.0
89,2006-11-13,470.0
90,2006-11-14,470.0
91,2006-11-15,470.0
92,2006-11-16,470.0
93,2006-11-17,470.0
94,2006-11-20,470.0
95,2006-11-21,470.0
96,2006-11-22,470.0
97,2006-11-23,470.0
98,2006-11-24,470.0
99,2006-11-27,470.0
100,2006-11-28,470.0
101,2006-11-29,470.0
102,2006-11-30,470.0
103,2006-01-12,470.0
104,2006-04-12,470.0
105,2006-05-12,470.0
106,2006-06-12,470.0
107,2006-07-12,470.0
108,2006-08-12,470.0
109,2006-11-12,470.0
110,2006-12-12,470.0
111,2006-12-13,470.0
112,2006-12-14,470.0
113,2006-12-15,470.0
114,2006-12-18,470.0
115,2006-12-19,470.0
116,2006-12-20,470.0
117,2006-12-21,470.0
118,2006-12-22,470.0
119,2006-12-25,470.0
120,2006-12-26,470.0
121,2006-12-27,470.0
122,2006-12-28,470.0
123,2006-12-29,470.0
124,2007-01-01,470.0
125,2007-02-01,470.0
126,2007-03-01,470.0
127,2007-04-01,470.0
128,2007-05-01,470.0
129,2007-08-01,470.0
130,2007-09-01,470.0
131,2007-10-01,470.0
132,2007-11-01,470.0
133,2007-12-01,470.0
134,2007-01-15,470.0
135,2007-01-16,470.0
136,2007-01-17,470.0
137,2007-01-18,470.0
138,2007-01-19,470.0
139,2007-01-22,470.0
140,2007-01-23,470.0
141,2007-01-24,470.0
142,2007-01-25,470.0
143,2007-01-26,470.0
144,2007-01-29,470.0
145,2007-01-30,470.0
146,2007-01-31,470.0
147,2007-01-02,470.0
148,2007-02-02,470.0
149,2007-05-02,470.0
150,2007-06-02,470.0
151,2007-07-02,470.0
152,2007-08-02,470.0
153,2007-09-02,485.0
154,2007-12-02,485.0
155,2007-02-13,485.0
156,2007-02-14,485.0
157,2007-02-15,485.0
158,2007-02-16,485.0
159,2007-02-19,485.0
160,2007-02-20,485.0
161,2007-02-21,485.0
162,2007-02-22,485.0
163,2007-02-23,485.0
164,2007-02-26,485.0
165,2007-02-27,485.0
166,2007-02-28,485.0
167,2007-01-03,485.0
168,2007-02-03,560.0
169,2007-05-03,560.0
170,2007-06-03,560.0
171,2007-07-03,560.0
172,2007-08-03,560.0
173,2007-09-03,560.0
174,2007-12-03,560.0
175,2007-03-13,560.0
176,2007-03-14,560.0
177,2007-03-15,560.0
178,2007-03-16,560.0
179,2007-03-19,560.0
180,2007-03-20,560.0
181,2007-03-21,560.0
182,2007-03-22,560.0
183,2007-03-23,560.0
184,2007-03-26,560.0
185,2007-03-27,560.0
186,2007-03-28,560.0
187,2007-03-29,560.0
188,2007-03-30,560.0
189,2007-02-04,560.0
190,2007-03-04,560.0
191,2007-04-04,560.0
192,2007-05-04,560.0
193,2007-06-04,560.0
194,2007-09-04,560.0
195,2007-10-04,560.0
196,2007-11-04,560.0
197,2007-12-04,560.0
198,2007-04-13,560.0
199,2007-04-16,560.0
200,2007-04-17,560.0
201,2007-04-18,560.0
202,2007-04-19,560.0
203,2007-04-20,565.0
204,2007-04-23,565.0
205,2007-04-24,565.0
206,2007-04-25,565.0
207,2007-04-26,565.0
208,2007-04-27,560.0
209,2007-04-30,560.0
210,2007-01-05,560.0
211,2007-02-05,560.0
212,2007-03-05,560.0
213,2007-04-05,560.0
214,2007-07-05,560.0
215,2007-08-05,560.0
216,2007-09-05,560.0
217,2007-10-05,560.0
218,2007-11-05,592.5
219,2007-05-14,592.5
220,2007-05-15,592.5
221,2007-05-16,592.5
222,2007-05-17,592.5
223,2007-05-18,605.0
224,2007-05-21,605.0
225,2007-05-22,605.0
226,2007-05-23,605.0
227,2007-05-24,605.0
228,2007-05-25,605.0
229,2007-05-28,605.0
230,2007-05-29,605.0
231,2007-05-30,605.0
232,2007-05-31,605.0
233,2007-01-06,605.0
234,2007-04-06,605.0
235,2007-05-06,605.0
236,2007-06-06,605.0
237,2007-07-06,605.0
238,2007-08-06,605.0
239,2007-11-06,605.0
240,2007-12-06,605.0
241,2007-06-13,605.0
242,2007-06-14,605.0
243,2007-06-15,560.0
244,2007-06-18,560.0
245,2007-06-19,560.0
246,2007-06-20,560.0
247,2007-06-21,560.0
248,2007-06-22,560.0
249,2007-06-25,560.0
250,2007-06-26,560.0
251,2007-06-27,560.0
252,2007-06-28,560.0
253,2007-06-29,530.0
254,2007-02-07,530.0
255,2007-03-07,530.0
256,2007-04-07,530.0
257,2007-05-07,530.0
258,2007-06-07,530.0
259,2007-09-07,530.0
260,2007-10-07,530.0
261,2007-11-07,530.0
262,2007-12-07,530.0
263,2007-07-13,525.0
264,2007-07-16,525.0
265,2007-07-17,525.0
266,2007-07-18,525.0
267,2007-07-19,525.0
268,2007-07-20,525.0
269,2007-07-23,525.0
270,2007-07-24,525.0
271,2007-07-25,525.0
272,2007-07-26,525.0
273,2007-07-27,525.0
274,2007-07-30,525.0
275,2007-07-31,525.0
276,2007-01-08,525.0
277,2007-02-08,525.0
278,2007-03-08,515.0
279,2007-06-08,515.0
280,2007-07-08,515.0
281,2007-08-08,515.0
282,2007-09-08,515.0
283,2007-10-08,515.0
284,2007-08-13,515.0
285,2007-08-14,515.0
286,2007-08-15,515.0
287,2007-08-16,515.0
288,2007-08-17,545.0
289,2007-08-20,545.0
290,2007-08-21,545.0
291,2007-08-22,545.0
292,2007-08-23,545.0
293,2007-08-24,550.0
294,2007-08-27,550.0
295,2007-08-28,550.0
296,2007-08-29,550.0
297,2007-08-30,550.0
298,2007-08-31,552.5
299,2007-03-09,552.5
300,2007-04-09,552.5
301,2007-05-09,552.5
302,2007-06-09,552.5
303,2007-07-09,556.0
304,2007-10-09,556.0
305,2007-11-09,556.0
306,2007-12-09,556.0
307,2007-09-13,556.0
308,2007-09-14,556.0
309,2007-09-17,556.0
310,2007-09-18,556.0
311,2007-09-19,556.0
312,2007-09-20,556.0
313,2007-09-21,556.0
314,2007-09-24,556.0
315,2007-09-25,556.0
316,2007-09-26,556.0
317,2007-09-27,556.0
318,2007-09-28,556.0
319,2007-01-10,556.0
320,2007-02-10,556.0
321,2007-03-10,556.0
322,2007-04-10,556.0
323,2007-05-10,556.0
324,2007-08-10,556.0
325,2007-09-10,556.0
326,2007-10-10,556.0
327,2007-11-10,556.0
328,2007-12-10,555.0
329,2007-10-15,555.0
330,2007-10-16,555.0
331,2007-10-17,555.0
332,2007-10-18,555.0
333,2007-10-19,575.0
334,2007-10-22,575.0
335,2007-10-23,575.0
336,2007-10-24,575.0
337,2007-10-25,575.0
338,2007-10-26,575.0
339,2007-10-29,575.0
340,2007-10-30,575.0
341,2007-10-31,575.0
342,2007-01-11,575.0
343,2007-02-11,575.0
344,2007-05-11,575.0
345,2007-06-11,575.0
346,2007-07-11,575.0
347,2007-08-11,575.0
348,2007-09-11,575.0
349,2007-12-11,575.0
350,2007-11-13,575.0
351,2007-11-14,575.0
352,2007-11-15,575.0
353,2007-11-16,575.0
354,2007-11-19,575.0
355,2007-11-20,575.0
356,2007-11-21,575.0
357,2007-11-22,575.0
358,2007-11-23,585.0
359,2007-11-26,585.0
360,2007-11-27,585.0
361,2007-11-28,585.0
362,2007-11-29,585.0
363,2007-11-30,605.0
364,2007-03-12,605.0
365,2007-04-12,605.0
366,2007-05-12,605.0
367,2007-06-12,605.0
368,2007-07-12,605.0
369,2007-10-12,605.0
370,2007-11-12,605.0
371,2007-12-12,605.0
372,2007-12-13,605.0
373,2007-12-14,650.0
374,2007-12-17,650.0
375,2007-12-18,650.0
376,2007-12-19,650.0
377,2007-12-20,650.0
378,2007-12-21,650.0
379,2007-12-24,650.0
380,2007-12-25,650.0
381,2007-12-26,650.0
382,2007-12-27,650.0
383,2007-12-28,650.0
384,2007-12-31,650.0
385,2008-01-01,650.0
386,2008-02-01,650.0
387,2008-03-01,650.0
388,2008-04-01,675.0
389,2008-07-01,675.0
390,2008-08-01,675.0
391,2008-09-01,675.0
392,2008-10-01,675.0
393,2008-11-01,675.0
394,2008-01-14,675.0
395,2008-01-15,675.0
396,2008-01-16,675.0
397,2008-01-17,675.0
398,2008-01-18,692.5
399,2008-01-21,692.5
400,2008-01-22,692.5
401,2008-01-23,692.5
402,2008-01-24,692.5
403,2008-01-25,692.5
404,2008-01-28,692.5
405,2008-01-29,692.5
406,2008-01-30,692.5
407,2008-01-31,692.5
408,2008-01-02,692.5
409,2008-04-02,692.5
410,2008-05-02,692.5
411,2008-06-02,692.5
412,2008-07-02,692.5
413,2008-08-02,692.5
414,2008-11-02,692.5
415,2008-12-02,692.5
416,2008-02-13,692.5
417,2008-02-14,692.5
418,2008-02-15,692.5
419,2008-02-18,692.5
420,2008-02-19,692.5
421,2008-02-20,692.5
422,2008-02-21,692.5
423,2008-02-22,692.5
424,2008-02-25,692.5
425,2008-02-26,692.5
426,2008-02-27,692.5
427,2008-02-28,692.5
428,2008-02-29,805.0
429,2008-03-03,805.0
430,2008-04-03,805.0
431,2008-05-03,805.0
432,2008-06-03,805.0
433,2008-07-03,837.5
434,2008-10-03,837.5
435,2008-11-03,837.5
436,2008-12-03,837.5
437,2008-03-13,837.5
438,2008-03-14,837.5
439,2008-03-17,837.5
440,2008-03-18,837.5
441,2008-03-19,837.5
442,2008-03-20,837.5
443,2008-03-21,837.5
444,2008-03-24,837.5
445,2008-03-25,837.5
446,2008-03-26,837.5
447,2008-03-27,837.5
448,2008-03-28,837.5
449,2008-03-31,837.5
450,2008-01-04,837.5
451,2008-02-04,837.5
452,2008-03-04,837.5
453,2008-04-04,837.5
454,2008-07-04,837.5
455,2008-08-04,837.5
456,2008-09-04,837.5
457,2008-10-04,837.5
458,2008-11-04,910.0
459,2008-04-14,910.0
460,2008-04-15,910.0
461,2008-04-16,910.0
462,2008-04-17,910.0
463,2008-04-18,910.0
464,2008-04-21,910.0
465,2008-04-22,910.0
466,2008-04-23,910.0
467,2008-04-24,910.0
468,2008-04-25,910.0
469,2008-04-28,910.0
470,2008-04-29,910.0
471,2008-04-30,910.0
472,2008-01-05,910.0
473,2008-02-05,910.0
474,2008-05-05,910.0
475,2008-06-05,910.0
476,2008-07-05,910.0
477,2008-08-05,910.0
478,2008-09-05,910.0
479,2008-12-05,910.0
480,2008-05-13,910.0
481,2008-05-14,910.0
482,2008-05-15,910.0
483,2008-05-16,1025.0
484,2008-05-19,1025.0
485,2008-05-20,1025.0
486,2008-05-21,1025.0
487,2008-05-22,1025.0
488,2008-05-23,1025.0
489,2008-05-26,1025.0
490,2008-05-27,1025.0
491,2008-05-28,1025.0
492,2008-05-29,1025.0
493,2008-05-30,1025.0
494,2008-02-06,1025.0
495,2008-03-06,1025.0
496,2008-04-06,1025.0
497,2008-05-06,1025.0
498,2008-06-06,975.0
499,2008-09-06,975.0
500,2008-10-06,975.0
501,2008-11-06,975.0
502,2008-12-06,975.0
503,2008-06-13,975.0
504,2008-06-16,975.0
505,2008-06-17,975.0
506,2008-06-18,975.0
507,2008-06-19,975.0
508,2008-06-20,1030.0
509,2008-06-23,1030.0
510,2008-06-24,1030.0
511,2008-06-25,1030.0
512,2008-06-26,1030.0
513,2008-06-27,1030.0
514,2008-06-30,1030.0
515,2008-01-07,1030.0
516,2008-02-07,1030.0
517,2008-03-07,1030.0
518,2008-04-07,1030.0
519,2008-07-07,1030.0
520,2008-08-07,1030.0
521,2008-09-07,1030.0
522,2008-10-07,1030.0
523,2008-11-07,1030.0
524,2008-07-14,1030.0
525,2008-07-15,1030.0
526,2008-07-16,1030.0
527,2008-07-17,1030.0
528,2008-07-18,1030.0
529,2008-07-21,1030.0
530,2008-07-22,1030.0
531,2008-07-23,1030.0
532,2008-07-24,1030.0
533,2008-07-25,1025.0
534,2008-07-28,1025.0
535,2008-07-29,1025.0
536,2008-07-30,1025.0
537,2008-07-31,1025.0
538,2008-01-08,1020.0
539,2008-04-08,1020.0
540,2008-05-08,1020.0
541,2008-06-08,1020.0
542,2008-07-08,1020.0
543,2008-08-08,1010.0
544,2008-11-08,1010.0
545,2008-12-08,1010.0
546,2008-08-13,1010.0
547,2008-08-14,1010.0
548,2008-08-15,975.0
549,2008-08-18,975.0
550,2008-08-19,975.0
551,2008-08-20,975.0
552,2008-08-21,975.0
553,2008-08-22,925.0
554,2008-08-25,925.0
555,2008-08-26,925.0
556,2008-08-27,925.0
557,2008-08-28,925.0
558,2008-08-29,925.0
559,2008-01-09,925.0
560,2008-02-09,925.0
561,2008-03-09,925.0
562,2008-04-09,925.0
563,2008-05-09,875.0
564,2008-08-09,875.0
565,2008-09-09,875.0
566,2008-10-09,875.0
567,2008-11-09,875.0
568,2008-12-09,825.0
569,2008-09-15,825.0
570,2008-09-16,825.0
571,2008-09-17,825.0
572,2008-09-18,825.0
573,2008-09-19,825.0
574,2008-09-22,825.0
575,2008-09-23,825.0
576,2008-09-24,825.0
577,2008-09-25,825.0
578,2008-09-26,825.0
579,2008-09-29,825.0
580,2008-09-30,825.0
581,2008-01-10,825.0
582,2008-02-10,825.0
583,2008-03-10,825.0
584,2008-06-10,825.0
585,2008-07-10,825.0
586,2008-08-10,825.0
587,2008-09-10,825.0
588,2008-10-10,725.0
589,2008-10-13,725.0
590,2008-10-14,725.0
591,2008-10-15,725.0
592,2008-10-16,725.0
593,2008-10-17,605.0
594,2008-10-20,605.0
595,2008-10-21,605.0
596,2008-10-22,605.0
597,2008-10-23,605.0
598,2008-10-24,605.0
599,2008-10-27,605.0
600,2008-10-28,605.0
601,2008-10-29,605.0
602,2008-10-30,605.0
603,2008-10-31,595.0
604,2008-03-11,595.0
605,2008-04-11,595.0
606,2008-05-11,595.0
607,2008-06-11,595.0
608,2008-07-11,575.0
609,2008-10-11,575.0
610,2008-11-11,575.0
611,2008-12-11,575.0
612,2008-11-13,575.0
613,2008-11-14,525.0
614,2008-11-17,525.0
615,2008-11-18,525.0
616,2008-11-19,525.0
617,2008-11-20,525.0
618,2008-11-21,465.0
619,2008-11-24,465.0
620,2008-11-25,465.0
621,2008-11-26,465.0
622,2008-11-27,465.0
623,2008-11-28,515.0
624,2008-01-12,515.0
625,2008-02-12,515.0
626,2008-03-12,515.0
627,2008-04-12,515.0
628,2008-05-12,490.0
629,2008-08-12,490.0
630,2008-09-12,490.0
631,2008-10-12,490.0
632,2008-11-12,490.0
633,2008-12-12,510.0
634,2008-12-15,510.0
635,2008-12-16,510.0
636,2008-12-17,510.0
637,2008-12-18,510.0
638,2008-12-19,525.0
639,2008-12-22,525.0
640,2008-12-23,525.0
641,2008-12-24,525.0
642,2008-12-25,525.0
643,2008-12-26,525.0
644,2008-12-27,525.0
645,2008-12-29,525.0
646,2008-12-30,525.0
647,2008-12-31,525.0
648,2009-01-01,525.0
649,2009-02-01,525.0
650,2009-05-01,525.0
651,2009-06-01,525.0
652,2009-07-01,525.0
653,2009-08-01,525.0
654,2009-09-01,580.0
655,2009-12-01,580.0
656,2009-01-13,580.0
657,2009-01-14,580.0
658,2009-01-15,580.0
659,2009-01-16,580.0
660,2009-01-19,580.0
661,2009-01-20,580.0
662,2009-01-21,580.0
663,2009-01-22,580.0
664,2009-01-23,580.0
665,2009-01-26,580.0
666,2009-01-27,580.0
667,2009-01-28,580.0
668,2009-01-29,580.0
669,2009-01-30,580.0
670,2009-02-02,580.0
671,2009-03-02,580.0
672,2009-04-02,580.0
673,2009-05-02,580.0
674,2009-06-02,585.0
675,2009-09-02,585.0
676,2009-10-02,585.0
677,2009-11-02,585.0
678,2009-12-02,585.0
679,2009-02-13,575.0
680,2009-02-16,575.0
681,2009-02-17,575.0
682,2009-02-18,575.0
683,2009-02-19,575.0
684,2009-02-20,505.0
685,2009-02-23,505.0
686,2009-02-24,505.0
687,2009-02-25,505.0
688,2009-02-26,505.0
689,2009-02-27,505.0
690,2009-02-03,505.0
691,2009-03-03,505.0
692,2009-04-03,505.0
693,2009-05-03,505.0
694,2009-06-03,495.0
695,2009-09-03,495.0
696,2009-10-03,495.0
697,2009-11-03,495.0
698,2009-12-03,495.0
699,2009-03-13,505.0
700,2009-03-16,505.0
701,2009-03-17,505.0
702,2009-03-18,505.0
703,2009-03-19,505.0
704,2009-03-20,505.0
705,2009-03-23,505.0
706,2009-03-24,505.0
707,2009-03-25,505.0
708,2009-03-26,505.0
709,2009-03-27,490.0
710,2009-03-30,490.0
711,2009-03-31,490.0
712,2009-01-04,490.0
713,2009-02-04,490.0
714,2009-03-04,490.0
715,2009-06-04,490.0
716,2009-07-04,490.0
717,2009-08-04,490.0
718,2009-09-04,490.0
719,2009-10-04,490.0
720,2009-04-13,490.0
721,2009-04-14,490.0
722,2009-04-15,490.0
723,2009-04-16,490.0
724,2009-04-17,445.0
725,2009-04-20,445.0
726,2009-04-21,445.0
727,2009-04-22,445.0
728,2009-04-23,445.0
729,2009-04-24,445.0
730,2009-04-27,445.0
731,2009-04-28,445.0
732,2009-04-29,445.0
733,2009-04-30,445.0
734,2009-01-05,445.0
735,2009-04-05,445.0
736,2009-05-05,445.0
737,2009-06-05,445.0
738,2009-07-05,445.0
739,2009-08-05,455.0
740,2009-11-05,455.0
741,2009-12-05,455.0
742,2009-05-13,455.0
743,2009-05-14,455.0
744,2009-05-15,515.0
745,2009-05-18,515.0
746,2009-05-19,515.0
747,2009-05-20,515.0
748,2009-05-21,515.0
749,2009-05-22,500.0
750,2009-05-25,500.0
751,2009-05-26,500.0
752,2009-05-27,500.0
753,2009-05-28,500.0
754,2009-05-29,500.0
755,2009-01-06,500.0
756,2009-02-06,500.0
757,2009-03-06,500.0
758,2009-04-06,500.0
759,2009-05-06,500.0
760,2009-08-06,500.0
761,2009-09-06,500.0
762,2009-10-06,500.0
763,2009-11-06,500.0
764,2009-12-06,475.0
765,2009-06-15,475.0
766,2009-06-16,475.0
767,2009-06-17,475.0
768,2009-06-18,475.0
769,2009-06-19,475.0
770,2009-06-22,475.0
771,2009-06-23,475.0
772,2009-06-24,475.0
773,2009-06-25,475.0
774,2009-06-26,510.0
775,2009-06-29,510.0
776,2009-06-30,510.0
777,2009-01-07,510.0
778,2009-02-07,510.0
779,2009-03-07,510.0
780,2009-06-07,510.0
781,2009-07-07,510.0
782,2009-08-07,510.0
783,2009-09-07,510.0
784,2009-10-07,515.0
785,2009-07-13,515.0
786,2009-07-14,515.0
787,2009-07-15,515.0
788,2009-07-16,515.0
789,2009-07-17,520.0
790,2009-07-20,520.0
791,2009-07-21,520.0
792,2009-07-22,520.0
793,2009-07-23,520.0
794,2009-07-24,565.0
795,2009-07-27,565.0
796,2009-07-28,565.0
797,2009-07-29,565.0
798,2009-07-30,565.0
799,2009-07-31,565.0
800,2009-03-08,565.0
801,2009-04-08,565.0
802,2009-05-08,565.0
803,2009-06-08,565.0
804,2009-07-08,600.0
805,2009-10-08,600.0
806,2009-11-08,600.0
807,2009-12-08,600.0
808,2009-08-13,600.0
809,2009-08-14,607.5
810,2009-08-17,607.5
811,2009-08-18,607.5
812,2009-08-19,607.5
813,2009-08-20,607.5
814,2009-08-21,542.5
815,2009-08-24,542.5
816,2009-08-25,542.5
817,2009-08-26,542.5
818,2009-08-27,542.5
819,2009-08-28,550.0
820,2009-08-31,550.0
821,2009-01-09,550.0
822,2009-02-09,550.0
823,2009-03-09,550.0
824,2009-04-09,535.0
825,2009-07-09,535.0
826,2009-08-09,535.0
827,2009-09-09,535.0
828,2009-10-09,535.0
829,2009-11-09,535.0
830,2009-09-14,535.0
831,2009-09-15,535.0
832,2009-09-16,535.0
833,2009-09-17,535.0
834,2009-09-18,520.0
835,2009-09-21,520.0
836,2009-09-22,520.0
837,2009-09-23,520.0
838,2009-09-24,520.0
839,2009-09-25,505.0
840,2009-09-28,505.0
841,2009-09-29,505.0
842,2009-09-30,505.0
843,2009-01-10,505.0
844,2009-02-10,470.0
845,2009-05-10,470.0
846,2009-06-10,470.0
847,2009-07-10,470.0
848,2009-08-10,470.0
849,2009-09-10,470.0
850,2009-12-10,470.0
851,2009-10-13,470.0
852,2009-10-14,470.0
853,2009-10-15,470.0
854,2009-10-16,470.0
855,2009-10-19,470.0
856,2009-10-20,470.0
857,2009-10-21,470.0
858,2009-10-22,470.0
859,2009-10-23,470.0
860,2009-10-26,470.0
861,2009-10-27,470.0
862,2009-10-28,470.0
863,2009-10-29,470.0
864,2009-10-30,490.0
865,2009-02-11,490.0
866,2009-03-11,490.0
867,2009-04-11,490.0
868,2009-05-11,490.0
869,2009-06-11,470.0
870,2009-09-11,470.0
871,2009-10-11,470.0
872,2009-11-11,470.0
873,2009-12-11,470.0
874,2009-11-13,500.0
875,2009-11-16,500.0
876,2009-11-17,500.0
877,2009-11-18,500.0
878,2009-11-19,500.0
879,2009-11-20,505.0
880,2009-11-23,505.0
881,2009-11-24,505.0
882,2009-11-25,505.0
883,2009-11-26,505.0
884,2009-11-27,510.0
885,2009-11-30,510.0
886,2009-01-12,510.0
887,2009-02-12,510.0
888,2009-03-12,510.0
889,2009-04-12,510.0
890,2009-07-12,510.0
891,2009-08-12,510.0
892,2009-09-12,510.0
893,2009-10-12,510.0
894,2009-11-12,515.0
895,2009-12-14,515.0
896,2009-12-15,515.0
897,2009-12-16,515.0
898,2009-12-17,515.0
899,2009-12-18,527.5
900,2009-12-21,527.5
901,2009-12-22,527.5
902,2009-12-23,527.5
903,2009-12-24,527.5
904,2009-12-25,527.5
905,2009-12-28,527.5
906,2009-12-29,527.5
907,2009-12-30,527.5
908,2009-12-31,527.5
909,2010-01-01,527.5
910,2010-04-01,527.5
911,2010-05-01,527.5
912,2010-06-01,527.5
913,2010-07-01,527.5
914,2010-08-01,552.5
915,2010-11-01,552.5
916,2010-12-01,552.5
917,2010-01-13,552.5
918,2010-01-14,552.5
919,2010-01-15,555.0
920,2010-01-18,555.0
921,2010-01-19,555.0
922,2010-01-20,555.0
923,2010-01-21,555.0
924,2010-01-22,550.0
925,2010-01-25,550.0
926,2010-01-26,550.0
927,2010-01-27,550.0
928,2010-01-28,550.0
929,2010-01-29,542.5
930,2010-01-02,542.5
931,2010-02-02,542.5
932,2010-03-02,542.5
933,2010-04-02,542.5
934,2010-05-02,535.0
935,2010-08-02,535.0
936,2010-09-02,535.0
937,2010-10-02,535.0
938,2010-11-02,535.0
939,2010-12-02,535.0
940,2010-02-15,535.0
941,2010-02-16,535.0
942,2010-02-17,535.0
943,2010-02-18,535.0
944,2010-02-19,535.0
945,2010-02-22,535.0
946,2010-02-23,535.0
947,2010-02-24,535.0
948,2010-02-25,535.0
949,2010-02-26,565.0
950,2010-01-03,565.0
951,2010-02-03,565.0
952,2010-03-03,565.0
953,2010-04-03,565.0
954,2010-05-03,582.5
955,2010-08-03,582.5
956,2010-09-03,582.5
957,2010-10-03,582.5
958,2010-11-03,582.5
959,2010-12-03,605.0
960,2010-03-15,605.0
961,2010-03-16,605.0
962,2010-03-17,605.0
963,2010-03-18,605.0
964,2010-03-19,635.0
965,2010-03-22,635.0
966,2010-03-23,635.0
967,2010-03-24,635.0
968,2010-03-25,635.0
969,2010-03-26,645.0
970,2010-03-29,645.0
971,2010-03-30,645.0
972,2010-03-31,645.0
973,2010-01-04,645.0
974,2010-02-04,645.0
975,2010-05-04,645.0
976,2010-06-04,645.0
977,2010-07-04,645.0
978,2010-08-04,645.0
979,2010-09-04,682.5
980,2010-12-04,682.5
981,2010-04-13,682.5
982,2010-04-14,682.5
983,2010-04-15,682.5
984,2010-04-16,695.0
985,2010-04-19,695.0
986,2010-04-20,695.0
987,2010-04-21,695.0
988,2010-04-22,695.0
989,2010-04-23,705.0
990,2010-04-26,705.0
991,2010-04-27,705.0
992,2010-04-28,705.0
993,2010-04-29,705.0
994,2010-04-30,705.0
995,2010-03-05,705.0
996,2010-04-05,705.0
997,2010-05-05,705.0
998,2010-06-05,705.0
999,2010-07-05,692.5
1000,2010-10-05,692.5
1001,2010-11-05,692.5
1002,2010-12-05,692.5
1003,2010-05-13,692.5
1004,2010-05-14,680.0
1005,2010-05-17,680.0
1006,2010-05-18,680.0
1007,2010-05-19,680.0
1008,2010-05-20,680.0
1009,2010-05-21,660.0
1010,2010-05-24,660.0
1011,2010-05-25,660.0
1012,2010-05-26,660.0
1013,2010-05-27,660.0
1014,2010-05-28,645.0
1015,2010-05-31,645.0
1016,2010-01-06,645.0
1017,2010-02-06,645.0
1018,2010-03-06,645.0
1019,2010-04-06,607.5
1020,2010-07-06,607.5
1021,2010-08-06,607.5
1022,2010-09-06,607.5
1023,2010-10-06,607.5
1024,2010-11-06,600.0
1025,2010-06-14,600.0
1026,2010-06-15,600.0
1027,2010-06-16,600.0
1028,2010-06-17,600.0
1029,2010-06-18,600.0
1030,2010-06-21,600.0
1031,2010-06-22,600.0
1032,2010-06-23,600.0
1033,2010-06-24,600.0
1034,2010-06-25,635.0
1035,2010-06-28,635.0
1036,2010-06-29,635.0
1037,2010-06-30,635.0
1038,2010-01-07,635.0
1039,2010-02-07,605.0
1040,2010-05-07,605.0
1041,2010-06-07,605.0
1042,2010-07-07,605.0
1043,2010-08-07,605.0
1044,2010-09-07,602.5
1045,2010-12-07,602.5
1046,2010-07-13,602.5
1047,2010-07-14,602.5
1048,2010-07-15,602.5
1049,2010-07-16,595.0
1050,2010-07-19,595.0
1051,2010-07-20,595.0
1052,2010-07-21,595.0
1053,2010-07-22,595.0
1054,2010-07-23,612.5
1055,2010-07-26,612.5
1056,2010-07-27,612.5
1057,2010-07-28,612.5
1058,2010-07-29,612.5
1059,2010-07-30,625.0
1060,2010-02-08,625.0
1061,2010-03-08,625.0
1062,2010-04-08,625.0
1063,2010-05-08,625.0
1064,2010-06-08,627.5
1065,2010-09-08,627.5
1066,2010-10-08,627.5
1067,2010-11-08,627.5
1068,2010-12-08,627.5
1069,2010-08-13,645.0
1070,2010-08-16,645.0
1071,2010-08-17,645.0
1072,2010-08-18,645.0
1073,2010-08-19,645.0
1074,2010-08-20,635.0
1075,2010-08-23,635.0
1076,2010-08-24,635.0
1077,2010-08-25,635.0
1078,2010-08-26,635.0
1079,2010-08-27,622.5
1080,2010-08-30,622.5
1081,2010-08-31,622.5
1082,2010-01-09,622.5
1083,2010-02-09,622.5
1084,2010-03-09,615.0
1085,2010-06-09,615.0
1086,2010-07-09,615.0
1087,2010-08-09,615.0
1088,2010-09-09,615.0
1089,2010-10-09,625.0
1090,2010-09-13,625.0
1091,2010-09-14,625.0
1092,2010-09-15,625.0
1093,2010-09-16,625.0
1094,2010-09-17,635.0
1095,2010-09-20,635.0
1096,2010-09-21,635.0
1097,2010-09-22,635.0
1098,2010-09-23,635.0
1099,2010-09-24,635.0
1100,2010-09-27,635.0
1101,2010-09-28,635.0
1102,2010-09-29,635.0
1103,2010-09-30,635.0
1104,2010-01-10,590.0
1105,2010-04-10,590.0
1106,2010-05-10,590.0
1107,2010-06-10,590.0
1108,2010-07-10,590.0
1109,2010-08-10,597.5
1110,2010-11-10,597.5
1111,2010-12-10,597.5
1112,2010-10-13,597.5
1113,2010-10-14,597.5
1114,2010-10-15,590.0
1115,2010-10-18,590.0
1116,2010-10-19,590.0
1117,2010-10-20,590.0
1118,2010-10-21,590.0
1119,2010-10-22,600.0
1120,2010-10-25,600.0
1121,2010-10-26,600.0
1122,2010-10-27,600.0
1123,2010-10-28,600.0
1124,2010-10-29,600.0
1125,2010-01-11,600.0
1126,2010-02-11,600.0
1127,2010-03-11,600.0
1128,2010-04-11,600.0
1129,2010-05-11,615.0
1130,2010-08-11,615.0
1131,2010-09-11,615.0
1132,2010-10-11,615.0
1133,2010-11-11,615.0
1134,2010-12-11,620.0
1135,2010-11-15,620.0
1136,2010-11-16,620.0
1137,2010-11-17,620.0
1138,2010-11-18,620.0
1139,2010-11-19,612.5
1140,2010-11-22,612.5
1141,2010-11-23,612.5
1142,2010-11-24,612.5
1143,2010-11-25,612.5
1144,2010-11-26,615.0
1145,2010-11-27,615.0
1146,2010-11-29,615.0
1147,2010-11-30,615.0
1148,2010-01-12,615.0
1149,2010-02-12,615.0
1150,2010-03-12,615.0
1151,2010-06-12,615.0
1152,2010-07-12,615.0
1153,2010-08-12,615.0
1154,2010-09-12,615.0
1155,2010-10-12,625.0
1156,2010-12-13,625.0
1157,2010-12-14,625.0
1158,2010-12-15,625.0
1159,2010-12-16,625.0
1160,2010-12-17,625.0
1161,2010-12-20,625.0
1162,2010-12-21,625.0
1163,2010-12-22,625.0
1164,2010-12-23,625.0
1165,2010-12-24,625.0
1166,2010-12-27,625.0
1167,2010-12-28,625.0
1168,2010-12-29,625.0
1169,2010-12-30,625.0
1170,2010-12-31,625.0
1171,2011-03-01,625.0
1172,2011-04-01,625.0
1173,2011-05-01,625.0
1174,2011-06-01,625.0
1175,2011-07-01,665.0
1176,2011-10-01,665.0
1177,2011-11-01,665.0
1178,2011-12-01,665.0
1179,2011-01-13,665.0
1180,2011-01-14,675.0
1181,2011-01-17,675.0
1182,2011-01-18,675.0
1183,2011-01-19,675.0
1184,2011-01-20,675.0
1185,2011-01-21,695.0
1186,2011-01-24,695.0
1187,2011-01-25,695.0
1188,2011-01-26,695.0
1189,2011-01-27,695.0
1190,2011-01-28,705.0
1191,2011-01-31,705.0
1192,2011-01-02,705.0
1193,2011-02-02,705.0
1194,2011-03-02,705.0
1195,2011-04-02,705.0
1196,2011-07-02,705.0
1197,2011-08-02,705.0
1198,2011-09-02,705.0
1199,2011-10-02,705.0
1200,2011-11-02,765.0
1201,2011-02-14,765.0
1202,2011-02-15,765.0
1203,2011-02-16,765.0
1204,2011-02-17,765.0
1205,2011-02-18,770.0
1206,2011-02-21,770.0
1207,2011-02-22,770.0
1208,2011-02-23,770.0
1209,2011-02-24,770.0
1210,2011-02-25,765.0
1211,2011-02-28,765.0
1212,2011-01-03,765.0
1213,2011-02-03,765.0
1214,2011-03-03,765.0
1215,2011-04-03,735.0
1216,2011-07-03,735.0
1217,2011-08-03,735.0
1218,2011-09-03,735.0
1219,2011-10-03,735.0
1220,2011-11-03,685.0
1221,2011-03-14,685.0
1222,2011-03-15,685.0
1223,2011-03-16,685.0
1224,2011-03-17,685.0
1225,2011-03-18,715.0
1226,2011-03-21,715.0
1227,2011-03-22,715.0
1228,2011-03-23,715.0
1229,2011-03-24,715.0
1230,2011-03-25,717.5
1231,2011-03-28,717.5
1232,2011-03-29,717.5
1233,2011-03-30,717.5
1234,2011-03-31,717.5
1235,2011-01-04,725.0
1236,2011-04-04,725.0
1237,2011-05-04,725.0
1238,2011-06-04,725.0
1239,2011-07-04,725.0
1240,2011-08-04,710.0
1241,2011-11-04,710.0
1242,2011-12-04,710.0
1243,2011-04-13,710.0
1244,2011-04-14,710.0
1245,2011-04-15,715.0
1246,2011-04-18,715.0
1247,2011-04-19,715.0
1248,2011-04-20,715.0
1249,2011-04-21,720.0
1250,2011-04-22,720.0
1251,2011-04-25,720.0
1252,2011-04-26,720.0
1253,2011-04-27,720.0
1254,2011-04-28,692.5
1255,2011-04-29,692.5
1256,2011-02-05,692.5
1257,2011-03-05,692.5
1258,2011-04-05,692.5
1259,2011-05-05,692.5
1260,2011-06-05,690.0
1261,2011-09-05,690.0
1262,2011-10-05,690.0
1263,2011-11-05,690.0
1264,2011-12-05,690.0
1265,2011-05-13,695.0
1266,2011-05-16,695.0
1267,2011-05-17,695.0
1268,2011-05-18,695.0
1269,2011-05-19,695.0
1270,2011-05-20,712.5
1271,2011-05-23,712.5
1272,2011-05-24,712.5
1273,2011-05-25,712.5
1274,2011-05-26,712.5
1275,2011-05-27,712.5
1276,2011-05-30,712.5
1277,2011-05-31,712.5
1278,2011-01-06,712.5
1279,2011-02-06,712.5
1280,2011-03-06,700.0
1281,2011-06-06,700.0
1282,2011-07-06,700.0
1283,2011-08-06,700.0
1284,2011-09-06,700.0
1285,2011-10-06,700.0
1286,2011-06-13,700.0
1287,2011-06-14,700.0
1288,2011-06-15,700.0
1289,2011-06-16,700.0
1290,2011-06-17,685.0
1291,2011-06-20,685.0
1292,2011-06-21,685.0
1293,2011-06-22,685.0
1294,2011-06-23,685.0
1295,2011-06-24,685.0
1296,2011-06-27,685.0
1297,2011-06-28,685.0
1298,2011-06-29,685.0
1299,2011-06-30,685.0
1300,2011-01-07,685.0
1301,2011-04-07,685.0
1302,2011-05-07,685.0
1303,2011-06-07,685.0
1304,2011-07-07,685.0
1305,2011-08-07,685.0
1306,2011-11-07,685.0
1307,2011-12-07,685.0
1308,2011-07-13,685.0
1309,2011-07-14,685.0
1310,2011-07-15,685.0
1311,2011-07-18,685.0
1312,2011-07-19,685.0
1313,2011-07-20,685.0
1314,2011-07-21,685.0
1315,2011-07-22,692.5
1316,2011-07-25,692.5
1317,2011-07-26,692.5
1318,2011-07-27,692.5
1319,2011-07-28,692.5
1320,2011-07-29,695.0
1321,2011-01-08,695.0
1322,2011-02-08,695.0
1323,2011-03-08,695.0
1324,2011-04-08,695.0
1325,2011-05-08,702.5
1326,2011-08-08,702.5
1327,2011-09-08,702.5
1328,2011-10-08,702.5
1329,2011-11-08,702.5
1330,2011-12-08,705.0
1331,2011-08-15,705.0
1332,2011-08-16,705.0
1333,2011-08-17,705.0
1334,2011-08-18,705.0
1335,2011-08-19,705.0
1336,2011-08-22,705.0
1337,2011-08-23,705.0
1338,2011-08-24,705.0
1339,2011-08-25,705.0
1340,2011-08-26,705.0
1341,2011-08-29,705.0
1342,2011-08-30,705.0
1343,2011-08-31,705.0
1344,2011-01-09,705.0
1345,2011-02-09,705.0
1346,2011-05-09,705.0
1347,2011-06-09,705.0
1348,2011-07-09,705.0
1349,2011-08-09,705.0
1350,2011-09-09,715.0
1351,2011-12-09,715.0
1352,2011-09-13,715.0
1353,2011-09-14,715.0
1354,2011-09-15,715.0
1355,2011-09-16,715.0
1356,2011-09-19,715.0
1357,2011-09-20,715.0
1358,2011-09-21,715.0
1359,2011-09-22,715.0
1360,2011-09-23,692.5
1361,2011-09-26,692.5
1362,2011-09-27,692.5
1363,2011-09-28,692.5
1364,2011-09-29,692.5
1365,2011-09-30,692.5
1366,2011-03-10,692.5
1367,2011-04-10,692.5
1368,2011-05-10,692.5
1369,2011-06-10,692.5
1370,2011-07-10,692.5
1371,2011-10-10,692.5
1372,2011-11-10,692.5
1373,2011-12-10,692.5
1374,2011-10-13,692.5
1375,2011-10-14,682.5
1376,2011-10-17,682.5
1377,2011-10-18,682.5
1378,2011-10-19,682.5
1379,2011-10-20,682.5
1380,2011-10-21,615.0
1381,2011-10-24,615.0
1382,2011-10-25,615.0
1383,2011-10-26,615.0
1384,2011-10-27,615.0
1385,2011-10-28,615.0
1386,2011-10-31,615.0
1387,2011-01-11,615.0
1388,2011-02-11,615.0
1389,2011-03-11,615.0
1390,2011-04-11,605.0
1391,2011-07-11,605.0
1392,2011-08-11,605.0
1393,2011-09-11,605.0
1394,2011-10-11,605.0
1395,2011-11-11,602.5
1396,2011-11-14,602.5
1397,2011-11-15,602.5
1398,2011-11-16,602.5
1399,2011-11-17,602.5
1400,2011-11-18,607.5
1401,2011-11-21,607.5
1402,2011-11-22,607.5
1403,2011-11-23,607.5
1404,2011-11-24,607.5
1405,2011-11-25,607.5
1406,2011-11-28,607.5
1407,2011-11-29,607.5
1408,2011-11-30,607.5
1409,2011-01-12,607.5
1410,2011-02-12,607.5
1411,2011-05-12,607.5
1412,2011-06-12,607.5
1413,2011-07-12,607.5
1414,2011-08-12,607.5
1415,2011-09-12,612.5
1416,2011-12-12,612.5
1417,2011-12-13,612.5
1418,2011-12-14,612.5
1419,2011-12-15,612.5
1420,2011-12-16,610.0
1421,2011-12-19,610.0
1422,2011-12-20,610.0
1423,2011-12-21,610.0
1424,2011-12-22,610.0
1425,2011-12-23,610.0
1426,2011-12-26,610.0
1427,2011-12-27,610.0
1428,2011-12-28,610.0
1429,2011-12-29,610.0
1430,2011-12-30,610.0
1431,2012-02-01,610.0
1432,2012-03-01,610.0
1433,2012-04-01,610.0
1434,2012-05-01,610.0
1435,2012-06-01,607.5
1436,2012-09-01,607.5
1437,2012-10-01,607.5
1438,2012-11-01,607.5
1439,2012-12-01,607.5
1440,2012-01-13,612.5
1441,2012-01-16,612.5
1442,2012-01-17,612.5
1443,2012-01-18,612.5
1444,2012-01-19,612.5
1445,2012-01-20,625.0
1446,2012-01-23,625.0
1447,2012-01-24,625.0
1448,2012-01-25,625.0
1449,2012-01-26,625.0
1450,2012-01-27,625.0
1451,2012-01-30,625.0
1452,2012-01-31,625.0
1453,2012-01-02,625.0
1454,2012-02-02,625.0
1455,2012-03-02,630.0
1456,2012-06-02,630.0
1457,2012-07-02,630.0
1458,2012-08-02,630.0
1459,2012-09-02,630.0
1460,2012-10-02,632.5
1461,2012-02-13,632.5
1462,2012-02-14,632.5
1463,2012-02-15,632.5
1464,2012-02-16,632.5
1465,2012-02-17,640.0
1466,2012-02-20,640.0
1467,2012-02-21,640.0
1468,2012-02-22,640.0
1469,2012-02-23,640.0
1470,2012-02-24,642.5
1471,2012-02-27,642.5
1472,2012-02-28,642.5
1473,2012-02-29,642.5
1474,2012-01-03,642.5
1475,2012-02-03,645.0
1476,2012-05-03,645.0
1477,2012-06-03,645.0
1478,2012-07-03,645.0
1479,2012-08-03,645.0
1480,2012-09-03,645.0
1481,2012-12-03,645.0
1482,2012-03-13,645.0
1483,2012-03-14,645.0
1484,2012-03-15,645.0
1485,2012-03-16,650.0
1486,2012-03-19,650.0
1487,2012-03-20,650.0
1488,2012-03-21,650.0
1489,2012-03-22,650.0
1490,2012-03-23,650.0
1491,2012-03-26,650.0
1492,2012-03-27,650.0
1493,2012-03-28,650.0
1494,2012-03-29,650.0
1495,2012-03-30,647.5
1496,2012-02-04,647.5
1497,2012-03-04,647.5
1498,2012-04-04,647.5
1499,2012-05-04,647.5
1500,2012-06-04,647.5
1501,2012-09-04,647.5
1502,2012-10-04,647.5
1503,2012-11-04,647.5
1504,2012-12-04,647.5
1505,2012-04-13,645.0
1506,2012-04-16,645.0
1507,2012-04-17,645.0
1508,2012-04-18,645.0
1509,2012-04-19,645.0
1510,2012-04-20,647.5
1511,2012-04-23,647.5
1512,2012-04-24,647.5
1513,2012-04-25,647.5
1514,2012-04-26,647.5
1515,2012-04-27,645.0
1516,2012-04-30,645.0
1517,2012-01-05,645.0
1518,2012-02-05,645.0
1519,2012-03-05,645.0
1520,2012-04-05,635.0
1521,2012-07-05,635.0
1522,2012-08-05,635.0
1523,2012-09-05,635.0
1524,2012-10-05,635.0
1525,2012-11-05,632.5
1526,2012-05-14,632.5
1527,2012-05-15,632.5
1528,2012-05-16,632.5
1529,2012-05-17,632.5
1530,2012-05-18,627.5
1531,2012-05-21,627.5
1532,2012-05-22,627.5
1533,2012-05-23,627.5
1534,2012-05-24,627.5
1535,2012-05-25,615.0
1536,2012-05-28,615.0
1537,2012-05-29,615.0
1538,2012-05-30,615.0
1539,2012-05-31,615.0
1540,2012-01-06,610.0
1541,2012-04-06,610.0
1542,2012-05-06,610.0
1543,2012-06-06,610.0
1544,2012-07-06,610.0
1545,2012-08-06,605.0
1546,2012-11-06,605.0
1547,2012-12-06,605.0
1548,2012-06-13,605.0
1549,2012-06-14,605.0
1550,2012-06-15,605.0
1551,2012-06-18,605.0
1552,2012-06-19,605.0
1553,2012-06-20,605.0
1554,2012-06-21,605.0
1555,2012-06-22,605.0
1556,2012-06-25,605.0
1557,2012-06-26,605.0
1558,2012-06-27,605.0
1559,2012-06-28,605.0
1560,2012-06-29,595.0
1561,2012-02-07,595.0
1562,2012-03-07,595.0
1563,2012-04-07,595.0
1564,2012-05-07,595.0
1565,2012-06-07,585.0
1566,2012-09-07,585.0
1567,2012-10-07,585.0
1568,2012-11-07,585.0
1569,2012-12-07,585.0
1570,2012-07-13,580.0
1571,2012-07-16,580.0
1572,2012-07-17,580.0
1573,2012-07-18,580.0
1574,2012-07-19,580.0
1575,2012-07-20,567.5
1576,2012-07-23,567.5
1577,2012-07-24,567.5
1578,2012-07-25,567.5
1579,2012-07-26,567.5
1580,2012-07-27,560.0
1581,2012-07-30,560.0
1582,2012-07-31,560.0
1583,2012-01-08,560.0
1584,2012-02-08,560.0
1585,2012-03-08,557.5
1586,2012-06-08,557.5
1587,2012-07-08,557.5
1588,2012-08-08,557.5
1589,2012-09-08,557.5
1590,2012-10-08,545.0
1591,2012-08-13,545.0
1592,2012-08-14,545.0
1593,2012-08-15,545.0
1594,2012-08-16,545.0
1595,2012-08-17,530.0
1596,2012-08-20,530.0
1597,2012-08-21,530.0
1598,2012-08-22,530.0
1599,2012-08-23,530.0
1600,2012-08-24,520.0
1601,2012-08-27,520.0
1602,2012-08-28,520.0
1603,2012-08-29,520.0
1604,2012-08-30,520.0
1605,2012-08-31,515.0
1606,2012-03-09,515.0
1607,2012-04-09,515.0
1608,2012-05-09,515.0
1609,2012-06-09,515.0
1610,2012-07-09,505.0
1611,2012-10-09,505.0
1612,2012-11-09,505.0
1613,2012-12-09,505.0
1614,2012-09-13,505.0
1615,2012-09-14,505.0
1616,2012-09-17,505.0
1617,2012-09-18,505.0
1618,2012-09-19,505.0
1619,2012-09-20,505.0
1620,2012-09-21,515.0
1621,2012-09-24,515.0
1622,2012-09-25,515.0
1623,2012-09-26,515.0
1624,2012-09-27,515.0
1625,2012-09-28,517.5
1626,2012-01-10,517.5
1627,2012-02-10,517.5
1628,2012-03-10,517.5
1629,2012-04-10,517.5
1630,2012-05-10,517.5
1631,2012-08-10,517.5
1632,2012-09-10,517.5
1633,2012-10-10,517.5
1634,2012-11-10,517.5
1635,2012-12-10,532.5
1636,2012-10-15,532.5
1637,2012-10-16,532.5
1638,2012-10-17,532.5
1639,2012-10-18,532.5
1640,2012-10-19,532.5
1641,2012-10-22,532.5
1642,2012-10-23,532.5
1643,2012-10-24,532.5
1644,2012-10-25,532.5
1645,2012-10-26,532.5
1646,2012-10-29,532.5
1647,2012-10-30,532.5
1648,2012-10-31,532.5
1649,2012-01-11,532.5
1650,2012-02-11,532.5
1651,2012-05-11,532.5
1652,2012-06-11,532.5
1653,2012-07-11,532.5
1654,2012-08-11,532.5
1655,2012-09-11,535.0
1656,2012-12-11,535.0
1657,2012-11-13,535.0
1658,2012-11-14,535.0
1659,2012-11-15,535.0
1660,2012-11-16,545.0
1661,2012-11-19,545.0
1662,2012-11-20,545.0
1663,2012-11-21,545.0
1664,2012-11-22,545.0
1665,2012-11-23,545.0
1666,2012-11-24,545.0
1667,2012-11-26,545.0
1668,2012-11-27,545.0
1669,2012-11-28,545.0
1670,2012-11-29,545.0
1671,2012-11-30,542.5
1672,2012-03-12,542.5
1673,2012-04-12,542.5
1674,2012-05-12,542.5
1675,2012-06-12,542.5
1676,2012-07-12,540.0
1677,2012-10-12,540.0
1678,2012-11-12,540.0
1679,2012-12-12,540.0
1680,2012-12-13,540.0
1681,2012-12-14,540.0
1682,2012-12-17,540.0
1683,2012-12-18,540.0
1684,2012-12-19,540.0
1685,2012-12-20,540.0
1686,2012-12-21,552.5
1687,2012-12-24,552.5
1688,2012-12-25,552.5
1689,2012-12-26,552.5
1690,2012-12-27,552.5
1691,2012-12-28,555.0
1692,2012-12-31,555.0
1693,2013-01-01,555.0
1694,2013-02-01,555.0
1695,2013-03-01,555.0
1696,2013-04-01,575.0
1697,2013-07-01,575.0
1698,2013-08-01,575.0
1699,2013-09-01,575.0
1700,2013-10-01,575.0
1701,2013-11-01,587.5
1702,2013-01-14,587.5
1703,2013-01-15,587.5
1704,2013-01-16,587.5
1705,2013-01-17,587.5
1706,2013-01-18,595.0
1707,2013-01-21,595.0
1708,2013-01-22,595.0
1709,2013-01-23,595.0
1710,2013-01-24,595.0
1711,2013-01-25,590.0
1712,2013-01-28,590.0
1713,2013-01-29,590.0
1714,2013-01-30,590.0
1715,2013-01-31,590.0
1716,2013-01-02,602.5
1717,2013-04-02,602.5
1718,2013-05-02,602.5
1719,2013-06-02,602.5
1720,2013-07-02,602.5
1721,2013-08-02,612.5
1722,2013-11-02,612.5
1723,2013-12-02,612.5
1724,2013-02-13,612.5
1725,2013-02-14,612.5
1726,2013-02-15,612.5
1727,2013-02-18,612.5
1728,2013-02-19,612.5
1729,2013-02-20,612.5
1730,2013-02-21,612.5
1731,2013-02-22,615.0
1732,2013-02-25,615.0
1733,2013-02-26,615.0
1734,2013-02-27,615.0
1735,2013-02-28,615.0
1736,2013-01-03,605.0
1737,2013-04-03,605.0
1738,2013-05-03,605.0
1739,2013-06-03,605.0
1740,2013-07-03,605.0
1741,2013-08-03,605.0
1742,2013-11-03,605.0
1743,2013-12-03,605.0
1744,2013-03-13,605.0
1745,2013-03-14,605.0
1746,2013-03-15,600.0
1747,2013-03-18,600.0
1748,2013-03-19,600.0
1749,2013-03-20,600.0
1750,2013-03-21,600.0
1751,2013-03-22,587.5
1752,2013-03-25,587.5
1753,2013-03-26,587.5
1754,2013-03-27,587.5
1755,2013-03-28,587.5
1756,2013-03-29,570.0
1757,2013-01-04,570.0
1758,2013-02-04,570.0
1759,2013-03-04,570.0
1760,2013-04-04,570.0
1761,2013-05-04,562.5
1762,2013-08-04,562.5
1763,2013-09-04,562.5
1764,2013-10-04,562.5
1765,2013-11-04,562.5
1766,2013-12-04,555.0
1767,2013-04-15,555.0
1768,2013-04-16,555.0
1769,2013-04-17,555.0
1770,2013-04-18,555.0
1771,2013-04-19,552.5
1772,2013-04-22,552.5
1773,2013-04-23,552.5
1774,2013-04-24,552.5
1775,2013-04-25,552.5
1776,2013-04-26,537.5
1777,2013-04-29,537.5
1778,2013-04-30,537.5
1779,2013-01-05,537.5
1780,2013-02-05,537.5
1781,2013-03-05,537.5
1782,2013-06-05,537.5
1783,2013-07-05,537.5
1784,2013-08-05,537.5
1785,2013-09-05,537.5
1786,2013-10-05,530.0
1787,2013-05-13,530.0
1788,2013-05-14,530.0
1789,2013-05-15,530.0
1790,2013-05-16,530.0
1791,2013-05-17,517.5
1792,2013-05-20,517.5
1793,2013-05-21,517.5
1794,2013-05-22,517.5
1795,2013-05-23,517.5
1796,2013-05-24,515.0
1797,2013-05-27,515.0
1798,2013-05-28,515.0
1799,2013-05-29,515.0
1800,2013-05-30,515.0
1801,2013-05-31,515.0
1802,2013-03-06,515.0
1803,2013-04-06,515.0
1804,2013-05-06,515.0
1805,2013-06-06,515.0
1806,2013-07-06,510.0
1807,2013-10-06,510.0
1808,2013-11-06,510.0
1809,2013-12-06,510.0
1810,2013-06-13,510.0
1811,2013-06-14,500.0
1812,2013-06-17,500.0
1813,2013-06-18,500.0
1814,2013-06-19,500.0
1815,2013-06-20,500.0
1816,2013-06-21,500.0
1817,2013-06-24,500.0
1818,2013-06-25,500.0
1819,2013-06-26,500.0
1820,2013-06-27,500.0
1821,2013-06-28,497.5
1822,2013-01-07,497.5
1823,2013-02-07,497.5
1824,2013-03-07,497.5
1825,2013-04-07,497.5
1826,2013-05-07,500.0
1827,2013-08-07,500.0
1828,2013-09-07,500.0
1829,2013-10-07,500.0
1830,2013-11-07,500.0
1831,2013-12-07,515.0
1832,2013-07-15,515.0
1833,2013-07-16,515.0
1834,2013-07-17,515.0
1835,2013-07-18,515.0
1836,2013-07-19,515.0
1837,2013-07-22,515.0
1838,2013-07-23,515.0
1839,2013-07-24,515.0
1840,2013-07-25,515.0
1841,2013-07-26,520.0
1842,2013-07-29,520.0
1843,2013-07-30,520.0
1844,2013-07-31,520.0
1845,2013-01-08,520.0
1846,2013-02-08,525.0
1847,2013-05-08,525.0
1848,2013-06-08,525.0
1849,2013-07-08,525.0
1850,2013-08-08,525.0
1851,2013-09-08,532.5
1852,2013-12-08,532.5
1853,2013-08-13,532.5
1854,2013-08-14,532.5
1855,2013-08-15,532.5
1856,2013-08-16,532.5
1857,2013-08-19,532.5
1858,2013-08-20,532.5
1859,2013-08-21,532.5
1860,2013-08-22,532.5
1861,2013-08-23,532.5
1862,2013-08-26,532.5
1863,2013-08-27,532.5
1864,2013-08-28,532.5
1865,2013-08-29,532.5
1866,2013-08-30,532.5
1867,2013-02-09,532.5
1868,2013-03-09,532.5
1869,2013-04-09,532.5
1870,2013-05-09,532.5
1871,2013-06-09,540.0
1872,2013-09-09,540.0
1873,2013-10-09,540.0
1874,2013-11-09,540.0
1875,2013-12-09,540.0
1876,2013-09-13,547.5
1877,2013-09-16,547.5
1878,2013-09-17,547.5
1879,2013-09-18,547.5
1880,2013-09-19,547.5
1881,2013-09-20,547.5
1882,2013-09-23,547.5
1883,2013-09-24,547.5
1884,2013-09-25,547.5
1885,2013-09-26,547.5
1886,2013-09-27,535.0
1887,2013-09-30,535.0
1888,2013-01-10,535.0
1889,2013-02-10,535.0
1890,2013-03-10,535.0
1891,2013-04-10,535.0
1892,2013-07-10,535.0
1893,2013-08-10,535.0
1894,2013-09-10,535.0
1895,2013-10-10,535.0
1896,2013-11-10,522.5
1897,2013-10-14,522.5
1898,2013-10-15,522.5
1899,2013-10-16,522.5
1900,2013-10-17,522.5
1901,2013-10-18,522.5
1902,2013-10-21,522.5
1903,2013-10-22,522.5
1904,2013-10-23,522.5
1905,2013-10-24,522.5
1906,2013-10-25,517.5
1907,2013-10-28,517.5
1908,2013-10-29,517.5
1909,2013-10-30,517.5
1910,2013-10-31,517.5
1911,2013-01-11,517.5
1912,2013-04-11,517.5
1913,2013-05-11,517.5
1914,2013-06-11,517.5
1915,2013-07-11,517.5
1916,2013-08-11,517.5
1917,2013-11-11,517.5
1918,2013-12-11,517.5
1919,2013-11-13,517.5
1920,2013-11-14,517.5
1921,2013-11-15,522.5
1922,2013-11-18,522.5
1923,2013-11-19,522.5
1924,2013-11-20,522.5
1925,2013-11-21,522.5
1926,2013-11-22,522.5
1927,2013-11-25,522.5
1928,2013-11-26,522.5
1929,2013-11-27,522.5
1930,2013-11-28,522.5
1931,2013-11-29,522.5
1932,2013-02-12,522.5
1933,2013-03-12,522.5
1934,2013-04-12,522.5
1935,2013-05-12,522.5
1936,2013-06-12,522.5
1937,2013-09-12,522.5
1938,2013-10-12,522.5
1939,2013-11-12,522.5
1940,2013-12-12,522.5
1941,2013-12-13,522.5
1942,2013-12-16,522.5
1943,2013-12-17,522.5
1944,2013-12-18,522.5
1945,2013-12-19,522.5
1946,2013-12-20,522.5
1947,2013-12-23,522.5
1948,2013-12-24,522.5
1949,2013-12-25,522.5
1950,2013-12-26,522.5
1951,2013-12-27,530.0
1952,2013-12-30,530.0
1953,2013-12-31,530.0
1954,2014-01-01,530.0
1955,2014-02-01,530.0
1956,2014-03-01,530.0
1957,2014-06-01,530.0
1958,2014-07-01,530.0
1959,2014-08-01,530.0
1960,2014-09-01,530.0
1961,2014-10-01,532.5
1962,2014-01-13,532.5
1963,2014-01-14,532.5
1964,2014-01-15,532.5
1965,2014-01-16,532.5
1966,2014-01-17,527.5
1967,2014-01-20,527.5
1968,2014-01-21,527.5
1969,2014-01-22,527.5
1970,2014-01-23,527.5
1971,2014-01-24,527.5
1972,2014-01-27,527.5
1973,2014-01-28,527.5
1974,2014-01-29,527.5
1975,2014-01-30,527.5
1976,2014-01-31,527.5
1977,2014-03-02,527.5
1978,2014-04-02,527.5
1979,2014-05-02,527.5
1980,2014-06-02,527.5
1981,2014-07-02,527.5
1982,2014-10-02,527.5
1983,2014-11-02,527.5
1984,2014-12-02,527.5
1985,2014-02-13,527.5
1986,2014-02-14,527.5
1987,2014-02-17,527.5
1988,2014-02-18,527.5
1989,2014-02-19,527.5
1990,2014-02-20,527.5
1991,2014-02-21,527.5
1992,2014-02-24,527.5
1993,2014-02-25,527.5
1994,2014-02-26,527.5
1995,2014-02-27,527.5
1996,2014-02-28,527.5
1997,2014-03-03,527.5
1998,2014-04-03,527.5
1999,2014-05-03,527.5
2000,2014-06-03,527.5
2001,2014-07-03,522.5
2002,2014-10-03,522.5
2003,2014-11-03,522.5
2004,2014-12-03,522.5
2005,2014-03-13,522.5
2006,2014-03-14,517.5
2007,2014-03-17,517.5
2008,2014-03-18,517.5
2009,2014-03-19,517.5
2010,2014-03-20,517.5
2011,2014-03-21,517.5
2012,2014-03-24,517.5
2013,2014-03-25,517.5
2014,2014-03-26,517.5
2015,2014-03-27,517.5
2016,2014-03-28,517.5
2017,2014-03-31,517.5
2018,2014-01-04,517.5
2019,2014-02-04,517.5
2020,2014-03-04,517.5
2021,2014-04-04,517.5
2022,2014-07-04,517.5
2023,2014-08-04,517.5
2024,2014-09-04,517.5
2025,2014-10-04,517.5
2026,2014-11-04,522.5
2027,2014-04-14,522.5
2028,2014-04-15,522.5
2029,2014-04-16,522.5
2030,2014-04-17,522.5
2031,2014-04-18,522.5
2032,2014-04-21,522.5
2033,2014-04-22,522.5
2034,2014-04-23,522.5
2035,2014-04-24,522.5
2036,2014-04-25,517.5
2037,2014-04-28,517.5
2038,2014-04-29,517.5
2039,2014-04-30,517.5
2040,2014-01-05,517.5
2041,2014-02-05,517.5
2042,2014-05-05,517.5
2043,2014-06-05,517.5
2044,2014-07-05,517.5
2045,2014-08-05,517.5
2046,2014-09-05,512.5
2047,2014-12-05,512.5
2048,2014-05-13,512.5
2049,2014-05-14,512.5
2050,2014-05-15,512.5
2051,2014-05-16,512.5
2052,2014-05-19,512.5
2053,2014-05-20,512.5
2054,2014-05-21,512.5
2055,2014-05-22,512.5
2056,2014-05-23,507.5
2057,2014-05-26,507.5
2058,2014-05-27,507.5
2059,2014-05-28,507.5
2060,2014-05-29,507.5
2061,2014-05-30,507.5
2062,2014-02-06,507.5
2063,2014-03-06,507.5
2064,2014-04-06,507.5
2065,2014-05-06,507.5
2066,2014-06-06,507.5
2067,2014-09-06,507.5
2068,2014-10-06,507.5
2069,2014-11-06,507.5
2070,2014-12-06,507.5
2071,2014-06-13,507.5
2072,2014-06-16,507.5
2073,2014-06-17,507.5
2074,2014-06-18,507.5
2075,2014-06-19,507.5
2076,2014-06-20,502.5
2077,2014-06-23,502.5
2078,2014-06-24,502.5
2079,2014-06-25,502.5
2080,2014-06-26,502.5
2081,2014-06-27,502.5
2082,2014-06-30,502.5
2083,2014-01-07,502.5
2084,2014-02-07,502.5
2085,2014-03-07,502.5
2086,2014-04-07,502.5
2087,2014-07-07,502.5
2088,2014-08-07,502.5
2089,2014-09-07,502.5
2090,2014-10-07,502.5
2091,2014-11-07,505.0
2092,2014-07-14,505.0
2093,2014-07-15,505.0
2094,2014-07-16,505.0
2095,2014-07-17,505.0
2096,2014-07-18,507.5
2097,2014-07-21,507.5
2098,2014-07-22,507.5
2099,2014-07-23,507.5
2100,2014-07-24,507.5
2101,2014-07-25,507.5
2102,2014-07-28,507.5
2103,2014-07-29,507.5
2104,2014-07-30,507.5
2105,2014-07-31,507.5
2106,2014-01-08,507.5
2107,2014-04-08,507.5
2108,2014-05-08,507.5
2109,2014-06-08,507.5
2110,2014-07-08,507.5
2111,2014-08-08,507.5
2112,2014-11-08,507.5
2113,2014-12-08,507.5
2114,2014-08-13,507.5
2115,2014-08-14,507.5
2116,2014-08-15,507.5
2117,2014-08-18,507.5
2118,2014-08-19,507.5
2119,2014-08-20,507.5
2120,2014-08-21,507.5
2121,2014-08-22,502.5
2122,2014-08-25,502.5
2123,2014-08-26,502.5
2124,2014-08-27,502.5
2125,2014-08-28,502.5
2126,2014-08-29,502.5
2127,2014-01-09,502.5
2128,2014-02-09,502.5
2129,2014-03-09,502.5
2130,2014-04-09,502.5
2131,2014-05-09,502.5
2132,2014-08-09,502.5
2133,2014-09-09,502.5
2134,2014-10-09,502.5
2135,2014-11-09,502.5
2136,2014-12-09,497.5
2137,2014-09-15,497.5
2138,2014-09-16,497.5
2139,2014-09-17,497.5
2140,2014-09-18,497.5
2141,2014-09-19,487.5
2142,2014-09-22,487.5
2143,2014-09-23,487.5
2144,2014-09-24,487.5
2145,2014-09-25,487.5
2146,2014-09-26,482.5
2147,2014-09-29,482.5
2148,2014-09-30,482.5
2149,2014-01-10,482.5
2150,2014-02-10,482.5
2151,2014-03-10,482.5
2152,2014-06-10,482.5
2153,2014-07-10,482.5
2154,2014-08-10,482.5
2155,2014-09-10,482.5
2156,2014-10-10,482.5
2157,2014-10-13,482.5
2158,2014-10-14,482.5
2159,2014-10-15,482.5
2160,2014-10-16,482.5
2161,2014-10-17,477.5
2162,2014-10-20,477.5
2163,2014-10-21,477.5
2164,2014-10-22,477.5
2165,2014-10-23,477.5
2166,2014-10-24,477.5
2167,2014-10-27,477.5
2168,2014-10-28,477.5
2169,2014-10-29,477.5
2170,2014-10-30,477.5
2171,2014-10-31,475.0
2172,2014-03-11,475.0
2173,2014-04-11,475.0
2174,2014-05-11,475.0
2175,2014-06-11,475.0
2176,2014-07-11,475.0
2177,2014-10-11,475.0
2178,2014-11-11,475.0
2179,2014-12-11,475.0
2180,2014-11-13,475.0
2181,2014-11-14,470.0
2182,2014-11-17,470.0
2183,2014-11-18,470.0
2184,2014-11-19,470.0
2185,2014-11-20,470.0
2186,2014-11-21,465.0
2187,2014-11-24,465.0
2188,2014-11-25,465.0
2189,2014-11-26,465.0
2190,2014-11-27,465.0
2191,2014-11-28,462.5
2192,2014-01-12,462.5
2193,2014-02-12,462.5
2194,2014-03-12,462.5
2195,2014-04-12,462.5
2196,2014-05-12,460.0
2197,2014-08-12,460.0
2198,2014-09-12,460.0
2199,2014-10-12,460.0
2200,2014-11-12,460.0
2201,2014-12-12,457.5
2202,2014-12-15,457.5
2203,2014-12-16,457.5
2204,2014-12-17,457.5
2205,2014-12-18,457.5
2206,2014-12-19,457.5
2207,2014-12-22,457.5
2208,2014-12-23,457.5
2209,2014-12-24,457.5
2210,2014-12-25,457.5
2211,2014-12-26,457.5
2212,2014-12-29,457.5
2213,2014-12-30,457.5
2214,2014-12-31,457.5
2215,2015-01-01,457.5
2216,2015-02-01,457.5
2217,2015-05-01,457.5
2218,2015-06-01,457.5
2219,2015-07-01,457.5
2220,2015-08-01,457.5
2221,2015-09-01,445.0
2222,2015-12-01,445.0
2223,2015-01-13,445.0
2224,2015-01-14,445.0
2225,2015-01-15,445.0
2226,2015-01-16,432.5
2227,2015-01-19,432.5
2228,2015-01-20,432.5
2229,2015-01-21,432.5
2230,2015-01-22,432.5
2231,2015-01-23,412.5
2232,2015-01-26,412.5
2233,2015-01-27,412.5
2234,2015-01-28,412.5
2235,2015-01-29,412.5
2236,2015-01-30,395.0
2237,2015-02-02,395.0
2238,2015-03-02,395.0
2239,2015-04-02,395.0
2240,2015-05-02,395.0
2241,2015-06-02,382.5
2242,2015-09-02,382.5
2243,2015-10-02,382.5
2244,2015-11-02,382.5
2245,2015-12-02,382.5
2246,2015-02-13,375.0
2247,2015-02-16,375.0
2248,2015-02-17,375.0
2249,2015-02-18,375.0
2250,2015-02-19,375.0
2251,2015-02-20,375.0
2252,2015-02-23,375.0
2253,2015-02-24,375.0
2254,2015-02-25,375.0
2255,2015-02-26,375.0
2256,2015-02-27,375.0
2257,2015-02-28,375.0
2258,2015-02-03,375.0
2259,2015-03-03,375.0
2260,2015-04-03,375.0
2261,2015-05-03,375.0
2262,2015-06-03,375.0
2263,2015-09-03,375.0
2264,2015-10-03,375.0
2265,2015-11-03,375.0
2266,2015-12-03,375.0
2267,2015-03-13,372.5
2268,2015-03-16,372.5
2269,2015-03-17,372.5
2270,2015-03-18,372.5
2271,2015-03-19,372.5
2272,2015-03-20,367.5
2273,2015-03-23,367.5
2274,2015-03-24,367.5
2275,2015-03-25,367.5
2276,2015-03-26,367.5
2277,2015-03-27,375.0
2278,2015-03-30,375.0
2279,2015-03-31,375.0
2280,2015-01-04,375.0
2281,2015-02-04,375.0
2282,2015-03-04,375.0
2283,2015-06-04,375.0
2284,2015-07-04,375.0
2285,2015-08-04,375.0
2286,2015-09-04,375.0
2287,2015-10-04,367.5
2288,2015-04-13,367.5
2289,2015-04-14,367.5
2290,2015-04-15,367.5
2291,2015-04-16,367.5
2292,2015-04-17,362.5
2293,2015-04-20,362.5
2294,2015-04-21,362.5
2295,2015-04-22,362.5
2296,2015-04-23,362.5
2297,2015-04-24,362.5
2298,2015-04-27,362.5
2299,2015-04-28,362.5
2300,2015-04-29,362.5
2301,2015-04-30,362.5
2302,2015-01-05,362.5
2303,2015-04-05,362.5
2304,2015-05-05,362.5
2305,2015-06-05,362.5
2306,2015-07-05,362.5
2307,2015-08-05,362.5
2308,2015-11-05,362.5
2309,2015-12-05,362.5
2310,2015-05-13,362.5
2311,2015-05-14,362.5
2312,2015-05-15,362.5
2313,2015-05-18,362.5
2314,2015-05-19,362.5
2315,2015-05-20,362.5
2316,2015-05-21,362.5
2317,2015-05-22,357.5
2318,2015-05-25,357.5
2319,2015-05-26,357.5
2320,2015-05-27,357.5
2321,2015-05-28,357.5
2322,2015-05-29,357.5
2323,2015-01-06,357.5
2324,2015-02-06,357.5
2325,2015-03-06,357.5
2326,2015-04-06,357.5
2327,2015-05-06,352.5
2328,2015-08-06,352.5
2329,2015-09-06,352.5
2330,2015-10-06,352.5
2331,2015-11-06,352.5
2332,2015-12-06,347.5
2333,2015-06-15,347.5
2334,2015-06-16,347.5
2335,2015-06-17,347.5
2336,2015-06-18,347.5
2337,2015-06-19,342.5
2338,2015-06-22,342.5
2339,2015-06-23,342.5
2340,2015-06-24,342.5
2341,2015-06-25,342.5
2342,2015-06-26,342.5
2343,2015-06-29,342.5
2344,2015-06-30,342.5
2345,2015-01-07,342.5
2346,2015-02-07,342.5
2347,2015-03-07,335.0
2348,2015-06-07,335.0
2349,2015-07-07,335.0
2350,2015-08-07,335.0
2351,2015-09-07,335.0
2352,2015-10-07,315.0
2353,2015-07-13,315.0
2354,2015-07-14,315.0
2355,2015-07-15,315.0
2356,2015-07-16,315.0
2357,2015-07-17,312.5
2358,2015-07-20,312.5
2359,2015-07-21,312.5
2360,2015-07-22,312.5
2361,2015-07-23,312.5
2362,2015-07-24,307.5
2363,2015-07-27,307.5
2364,2015-07-28,307.5
2365,2015-07-29,307.5
2366,2015-07-30,307.5
2367,2015-07-31,307.5
2368,2015-03-08,307.5
2369,2015-04-08,307.5
2370,2015-05-08,307.5
2371,2015-06-08,307.5
2372,2015-07-08,312.5
2373,2015-10-08,312.5
2374,2015-11-08,312.5
2375,2015-12-08,312.5
2376,2015-08-13,312.5
2377,2015-08-14,307.5
2378,2015-08-17,307.5
2379,2015-08-18,307.5
2380,2015-08-19,307.5
2381,2015-08-20,307.5
2382,2015-08-21,302.5
2383,2015-08-24,302.5
2384,2015-08-25,302.5
2385,2015-08-26,302.5
2386,2015-08-27,302.5
2387,2015-08-28,297.5
2388,2015-08-31,297.5
2389,2015-01-09,297.5
2390,2015-02-09,297.5
2391,2015-03-09,297.5
2392,2015-04-09,297.5
2393,2015-07-09,297.5
2394,2015-08-09,297.5
2395,2015-09-09,297.5
2396,2015-10-09,297.5
2397,2015-11-09,287.5
2398,2015-09-14,287.5
2399,2015-09-15,287.5
2400,2015-09-16,287.5
2401,2015-09-17,287.5
2402,2015-09-18,280.0
2403,2015-09-21,280.0
2404,2015-09-22,280.0
2405,2015-09-23,280.0
2406,2015-09-24,280.0
2407,2015-09-25,275.0
2408,2015-09-28,275.0
2409,2015-09-29,275.0
2410,2015-09-30,275.0
2411,2015-01-10,275.0
2412,2015-02-10,272.5
2413,2015-05-10,272.5
2414,2015-06-10,272.5
2415,2015-07-10,272.5
2416,2015-08-10,272.5
2417,2015-09-10,272.5
2418,2015-12-10,272.5
2419,2015-10-13,272.5
2420,2015-10-14,272.5
2421,2015-10-15,272.5
2422,2015-10-16,270.0
2423,2015-10-19,270.0
2424,2015-10-20,270.0
2425,2015-10-21,270.0
2426,2015-10-22,270.0
2427,2015-10-23,267.5
2428,2015-10-26,267.5
2429,2015-10-27,267.5
2430,2015-10-28,267.5
2431,2015-10-29,267.5
2432,2015-10-30,265.0
2433,2015-02-11,265.0
2434,2015-03-11,265.0
2435,2015-04-11,265.0
2436,2015-05-11,265.0
2437,2015-06-11,262.5
2438,2015-09-11,262.5
2439,2015-10-11,262.5
2440,2015-11-11,262.5
2441,2015-12-11,262.5
2442,2015-11-13,262.5
2443,2015-11-16,262.5
2444,2015-11-17,262.5
2445,2015-11-18,262.5
2446,2015-11-19,262.5
2447,2015-11-20,262.5
2448,2015-11-23,262.5
2449,2015-11-24,262.5
2450,2015-11-25,262.5
2451,2015-11-26,262.5
2452,2015-11-27,262.5
2453,2015-11-30,262.5
2454,2015-01-12,262.5
2455,2015-02-12,262.5
2456,2015-03-12,262.5
2457,2015-04-12,257.5
2458,2015-07-12,257.5
2459,2015-08-12,257.5
2460,2015-09-12,257.5
2461,2015-10-12,257.5
2462,2015-11-12,257.5
2463,2015-12-14,257.5
2464,2015-12-15,257.5
2465,2015-12-16,257.5
2466,2015-12-17,257.5
2467,2015-12-18,257.5
2468,2015-12-21,257.5
2469,2015-12-22,257.5
2470,2015-12-23,257.5
2471,2015-12-24,257.5
2472,2015-12-25,262.5
2473,2015-12-28,262.5
2474,2015-12-29,262.5
2475,2015-12-30,262.5
2476,2015-12-31,267.5
2477,2016-01-01,267.5
2478,2016-04-01,267.5
2479,2016-05-01,267.5
2480,2016-06-01,267.5
2481,2016-07-01,267.5
2482,2016-08-01,272.5
2483,2016-11-01,272.5
2484,2016-12-01,272.5
2485,2016-01-13,272.5
2486,2016-01-14,272.5
2487,2016-01-15,272.5
2488,2016-01-18,272.5
2489,2016-01-19,272.5
2490,2016-01-20,272.5
2491,2016-01-21,272.5
2492,2016-01-22,272.5
2493,2016-01-25,272.5
2494,2016-01-26,272.5
2495,2016-01-27,272.5
2496,2016-01-28,272.5
2497,2016-01-29,272.5
2498,2016-01-02,272.5
2499,2016-02-02,272.5
2500,2016-03-02,272.5
2501,2016-04-02,272.5
2502,2016-05-02,272.5
2503,2016-08-02,272.5
2504,2016-09-02,272.5
2505,2016-10-02,272.5
2506,2016-11-02,272.5
2507,2016-12-02,272.5
2508,2016-02-15,272.5
2509,2016-02-16,272.5
2510,2016-02-17,272.5
2511,2016-02-18,272.5
2512,2016-02-19,277.5
2513,2016-02-22,277.5
2514,2016-02-23,277.5
2515,2016-02-24,277.5
2516,2016-02-25,277.5
2517,2016-02-26,292.5
2518,2016-02-29,292.5
2519,2016-01-03,292.5
2520,2016-02-03,292.5
2521,2016-03-03,292.5
2522,2016-04-03,307.5
2523,2016-07-03,307.5
2524,2016-08-03,307.5
2525,2016-09-03,307.5
2526,2016-10-03,307.5
2527,2016-11-03,307.5
2528,2016-03-14,307.5
2529,2016-03-15,307.5
2530,2016-03-16,307.5
2531,2016-03-17,307.5
2532,2016-03-18,347.5
2533,2016-03-21,347.5
2534,2016-03-22,347.5
2535,2016-03-23,347.5
2536,2016-03-24,347.5
2537,2016-03-25,357.5
2538,2016-03-28,357.5
2539,2016-03-29,357.5
2540,2016-03-30,357.5
2541,2016-03-31,357.5
2542,2016-01-04,372.5
2543,2016-04-04,372.5
2544,2016-05-04,372.5
2545,2016-06-04,372.5
2546,2016-07-04,372.5
2547,2016-08-04,377.5
2548,2016-11-04,377.5
2549,2016-12-04,377.5
2550,2016-04-13,377.5
2551,2016-04-14,377.5
2552,2016-04-15,422.5
2553,2016-04-18,422.5
2554,2016-04-19,422.5
2555,2016-04-20,422.5
2556,2016-04-21,422.5
2557,2016-04-22,472.5
2558,2016-04-25,472.5
2559,2016-04-26,472.5
2560,2016-04-27,472.5
2561,2016-04-28,472.5
2562,2016-04-29,437.5
2563,2016-02-05,437.5
2564,2016-03-05,437.5
2565,2016-04-05,437.5
2566,2016-05-05,437.5
2567,2016-06-05,412.5
2568,2016-09-05,412.5
2569,2016-10-05,412.5
2570,2016-11-05,412.5
2571,2016-12-05,412.5
2572,2016-05-13,387.5
2573,2016-05-16,387.5
2574,2016-05-17,387.5
2575,2016-05-18,387.5
2576,2016-05-19,387.5
2577,2016-05-20,367.5
2578,2016-05-23,367.5
2579,2016-05-24,367.5
2580,2016-05-25,367.5
2581,2016-05-26,367.5
2582,2016-05-27,347.5
2583,2016-05-30,347.5
2584,2016-05-31,347.5
2585,2016-01-06,347.5
2586,2016-02-06,347.5
2587,2016-03-06,337.5
2588,2016-06-06,337.5
2589,2016-07-06,337.5
2590,2016-08-06,337.5
2591,2016-09-06,337.5
2592,2016-10-06,335.0
2593,2016-06-13,335.0
2594,2016-06-14,335.0
2595,2016-06-15,335.0
2596,2016-06-16,335.0
2597,2016-06-17,332.5
2598,2016-06-20,332.5
2599,2016-06-21,332.5
2600,2016-06-22,332.5
2601,2016-06-23,332.5
2602,2016-06-24,327.5
2603,2016-06-27,327.5
2604,2016-06-28,327.5
2605,2016-06-29,327.5
2606,2016-06-30,327.5
2607,2016-01-07,342.5
2608,2016-04-07,342.5
2609,2016-05-07,342.5
2610,2016-06-07,342.5
2611,2016-07-07,342.5
2612,2016-08-07,352.5
2613,2016-11-07,352.5
2614,2016-12-07,352.5
2615,2016-07-13,352.5
2616,2016-07-14,352.5
2617,2016-07-15,367.5
2618,2016-07-18,367.5
2619,2016-07-19,367.5
2620,2016-07-20,367.5
2621,2016-07-21,367.5
2622,2016-07-22,367.5
2623,2016-07-25,367.5
2624,2016-07-26,367.5
2625,2016-07-27,367.5
2626,2016-07-28,367.5
2627,2016-07-29,367.5
2628,2016-01-08,367.5
2629,2016-02-08,367.5
2630,2016-03-08,367.5
2631,2016-04-08,367.5
2632,2016-05-08,367.5
2633,2016-08-08,367.5
2634,2016-09-08,367.5
2635,2016-10-08,367.5
2636,2016-11-08,367.5
2637,2016-12-08,385.0
2638,2016-08-15,385.0
2639,2016-08-16,385.0
2640,2016-08-17,385.0
2641,2016-08-18,385.0
2642,2016-08-19,390.0
2643,2016-08-22,390.0
2644,2016-08-23,390.0
2645,2016-08-24,390.0
2646,2016-08-25,390.0
2647,2016-08-26,395.0
2648,2016-08-29,395.0
2649,2016-08-30,395.0
2650,2016-08-31,395.0
2651,2016-01-09,395.0
2652,2016-02-09,392.5
2653,2016-05-09,392.5
2654,2016-06-09,392.5
2655,2016-07-09,392.5
2656,2016-08-09,392.5
2657,2016-09-09,392.5
2658,2016-12-09,392.5
2659,2016-09-13,392.5
2660,2016-09-14,392.5
2661,2016-09-15,392.5
2662,2016-09-16,387.5
2663,2016-09-19,387.5
2664,2016-09-20,387.5
2665,2016-09-21,387.5
2666,2016-09-22,387.5
2667,2016-09-23,377.5
2668,2016-09-26,377.5
2669,2016-09-27,377.5
2670,2016-09-28,377.5
2671,2016-09-29,377.5
2672,2016-09-30,377.5
2673,2016-03-10,377.5
2674,2016-04-10,377.5
2675,2016-05-10,377.5
2676,2016-06-10,377.5
2677,2016-07-10,377.5
2678,2016-10-10,377.5
2679,2016-11-10,377.5
2680,2016-12-10,377.5
2681,2016-10-13,377.5
2682,2016-10-14,385.5
2683,2016-10-17,385.5
2684,2016-10-18,385.5
2685,2016-10-19,385.5
2686,2016-10-20,385.5
2687,2016-10-21,396.5
2688,2016-10-24,396.5
2689,2016-10-25,396.5
2690,2016-10-26,396.5
2691,2016-10-27,396.5
2692,2016-10-28,415.0
2693,2016-10-31,415.0
2694,2016-01-11,415.0
2695,2016-02-11,415.0
2696,2016-03-11,415.0
2697,2016-04-11,442.5
2698,2016-07-11,442.5
2699,2016-08-11,442.5
2700,2016-09-11,442.5
2701,2016-10-11,442.5
2702,2016-11-11,475.0
2703,2016-11-14,475.0
2704,2016-11-15,475.0
2705,2016-11-16,475.0
2706,2016-11-17,475.0
2707,2016-11-18,467.5
2708,2016-11-21,467.5
2709,2016-11-22,467.5
2710,2016-11-23,467.5
2711,2016-11-24,467.5
2712,2016-11-25,475.0
2713,2016-11-28,475.0
2714,2016-11-29,475.0
2715,2016-11-30,475.0
2716,2016-01-12,475.0
2717,2016-02-12,490.0
2718,2016-05-12,490.0
2719,2016-06-12,490.0
2720,2016-07-12,490.0
2721,2016-08-12,490.0
2722,2016-09-12,500.0
2723,2016-12-12,500.0
2724,2016-12-13,500.0
2725,2016-12-14,500.0
2726,2016-12-15,500.0
2727,2016-12-16,517.5
2728,2016-12-19,517.5
2729,2016-12-20,517.5
2730,2016-12-21,517.5
2731,2016-12-22,517.5
2732,2016-12-23,515.0
2733,2016-12-26,515.0
2734,2016-12-27,515.0
2735,2016-12-28,515.0
2736,2016-12-29,515.0
2737,2016-12-30,490.0
2738,2017-02-01,490.0
2739,2017-03-01,490.0
2740,2017-04-01,490.0
2741,2017-05-01,490.0
2742,2017-06-01,485.0
2743,2017-09-01,485.0
2744,2017-10-01,485.0
2745,2017-11-01,485.0
2746,2017-12-01,485.0
2747,2017-01-13,495.0
2748,2017-01-16,495.0
2749,2017-01-17,495.0
2750,2017-01-18,495.0
2751,2017-01-19,495.0
2752,2017-01-20,495.0
2753,2017-01-23,495.0
2754,2017-01-24,495.0
2755,2017-01-25,495.0
2756,2017-01-26,495.0
2757,2017-01-27,500.0
2758,2017-01-30,500.0
2759,2017-01-31,500.0
2760,2017-01-02,500.0
2761,2017-02-02,500.0
2762,2017-03-02,500.0
2763,2017-06-02,500.0
2764,2017-07-02,500.0
2765,2017-08-02,500.0
2766,2017-09-02,500.0
2767,2017-10-02,497.5
2768,2017-02-13,497.5
2769,2017-02-14,497.5
2770,2017-02-15,497.5
2771,2017-02-16,497.5
2772,2017-02-17,502.5
2773,2017-02-20,502.5
2774,2017-02-21,502.5
2775,2017-02-22,502.5
2776,2017-02-23,502.5
2777,2017-02-24,515.0
2778,2017-02-27,515.0
2779,2017-02-28,515.0
2780,2017-01-03,515.0
2781,2017-02-03,515.0
2782,2017-03-03,512.5
2783,2017-06-03,512.5
2784,2017-07-03,512.5
2785,2017-08-03,512.5
2786,2017-09-03,512.5
2787,2017-10-03,502.5
2788,2017-03-13,502.5
2789,2017-03-14,497.5
2790,2017-03-15,497.5
2791,2017-03-16,497.5
2792,2017-03-17,497.5
2793,2017-03-20,497.5
2794,2017-03-21,492.5
2795,2017-03-22,492.5
2796,2017-03-23,492.5
2797,2017-03-24,492.5
2798,2017-03-27,492.5
2799,2017-03-28,475.0
2800,2017-03-29,475.0
2801,2017-03-30,475.0
2802,2017-03-31,475.0
2803,2017-03-04,475.0
2804,2017-04-04,475.0
2805,2017-05-04,475.0
2806,2017-06-04,475.0
2807,2017-07-04,475.0
2808,2017-10-04,475.0
2809,2017-11-04,442.5
2810,2017-12-04,442.5
2811,2017-04-13,442.5
2812,2017-04-14,442.5
2813,2017-04-17,442.5
2814,2017-04-18,417.5
2815,2017-04-19,417.5
2816,2017-04-20,417.5
2817,2017-04-21,417.5
2818,2017-04-24,417.5
2819,2017-04-25,422.5
2820,2017-04-26,422.5
2821,2017-04-27,422.5
2822,2017-04-28,422.5
2823,2017-01-05,422.5
2824,2017-02-05,430.0
2825,2017-03-05,430.0
2826,2017-04-05,430.0
2827,2017-05-05,430.0
2828,2017-08-05,430.0
2829,2017-09-05,420.0
2830,2017-10-05,420.0
2831,2017-11-05,420.0
2832,2017-12-05,420.0
2833,2017-05-15,420.0
2834,2017-05-16,425.0
2835,2017-05-17,425.0
2836,2017-05-18,425.0
2837,2017-05-19,425.0
2838,2017-05-22,425.0
2839,2017-05-23,445.0
2840,2017-05-24,445.0
2841,2017-05-25,445.0
2842,2017-05-26,445.0
2843,2017-05-29,445.0
2844,2017-05-30,445.0
2845,2017-05-31,445.0
2846,2017-01-06,445.0
2847,2017-02-06,445.0
2848,2017-05-06,445.0
2849,2017-06-06,432.5
2850,2017-07-06,432.5
2851,2017-08-06,432.5
2852,2017-09-06,432.5
2853,2017-12-06,432.5
2854,2017-06-13,437.5
2855,2017-06-14,437.5
2856,2017-06-15,437.5
2857,2017-06-16,437.5
2858,2017-06-19,437.5
2859,2017-06-20,447.5
2860,2017-06-21,447.5
2861,2017-06-22,447.5
2862,2017-06-23,447.5
2863,2017-06-26,447.5
2864,2017-06-27,455.0
2865,2017-06-28,455.0
2866,2017-06-29,455.0
2867,2017-06-30,455.0
2868,2017-03-07,455.0
2869,2017-04-07,470.0
2870,2017-05-07,470.0
2871,2017-06-07,470.0
2872,2017-07-07,470.0
2873,2017-10-07,470.0
2874,2017-11-07,480.0
2875,2017-12-07,480.0
2876,2017-07-13,480.0
2877,2017-07-14,480.0
2878,2017-07-17,480.0
2879,2017-07-18,491.5
2880,2017-07-19,491.5
2881,2017-07-20,491.5
2882,2017-07-21,491.5
2883,2017-07-24,491.5
2884,2017-07-25,500.0
2885,2017-07-26,500.0
2886,2017-07-27,500.0
2887,2017-07-28,500.0
2888,2017-07-31,500.0
2889,2017-01-08,510.0
2890,2017-02-08,510.0
2891,2017-03-08,510.0
2892,2017-04-08,510.0
2893,2017-07-08,510.0
2894,2017-08-08,530.0
2895,2017-09-08,530.0
2896,2017-10-08,530.0
2897,2017-11-08,530.0
2898,2017-08-14,530.0
2899,2017-08-15,548.0
2900,2017-08-16,548.0
2901,2017-08-17,548.0
2902,2017-08-18,548.0
2903,2017-08-21,548.0
2904,2017-08-22,555.0
2905,2017-08-23,555.0
2906,2017-08-24,555.0
2907,2017-08-25,555.0
2908,2017-08-28,555.0
2909,2017-08-29,555.0
2910,2017-08-30,555.0
2911,2017-08-31,555.0
2912,2017-01-09,555.0
2913,2017-04-09,555.0
2914,2017-05-09,562.5
2915,2017-06-09,562.5
2916,2017-07-09,562.5
2917,2017-08-09,562.5
2918,2017-11-09,562.5
2919,2017-12-09,587.5
2920,2017-09-13,587.5
2921,2017-09-14,587.5
2922,2017-09-15,587.5
2923,2017-09-18,587.5
2924,2017-09-19,590.0
2925,2017-09-20,590.0
2926,2017-09-21,590.0
2927,2017-09-22,590.0
2928,2017-09-25,590.0
2929,2017-09-26,572.5
2930,2017-09-27,572.5
2931,2017-09-28,572.5
2932,2017-09-29,572.5
2933,2017-02-10,572.5
2934,2017-03-10,572.5
2935,2017-04-10,572.5
2936,2017-05-10,572.5
2937,2017-06-10,572.5
2938,2017-09-10,572.5
2939,2017-10-10,555.0
2940,2017-11-10,555.0
2941,2017-12-10,555.0
2942,2017-10-13,555.0
2943,2017-10-16,560.7
2944,2017-10-17,561.65
2945,2017-10-18,567.77
2946,2017-10-19,567.77
2947,2017-10-20,565.83
2948,2017-10-23,560.28
2949,2017-10-24,564.72
2950,2017-10-25,561.47
2951,2017-10-26,555.68
2952,2017-10-27,551.83
2953,2017-10-30,539.38
2954,2017-10-31,545.14
2955,2017-01-11,544.24
2956,2017-02-11,545.26
2957,2017-03-11,544.62
2958,2017-06-11,544.44
2959,2017-07-11,548.9
2960,2017-08-11,545.0
2961,2017-09-11,545.62
2962,2017-10-11,544.58
2963,2017-11-13,545.09
2964,2017-11-14,546.88
2965,2017-11-15,546.54
2966,2017-11-16,551.0
2967,2017-11-17,544.68
2968,2017-11-20,549.25
2969,2017-11-21,552.5
2970,2017-11-22,550.42
2971,2017-11-23,550.75
2972,2017-11-24,551.25
2973,2017-11-27,557.0
2974,2017-11-28,556.72
2975,2017-11-29,553.81
2976,2017-11-30,560.63
2977,2017-01-12,561.25
2978,2017-04-12,560.0
2979,2017-05-12,569.11
2980,2017-06-12,572.5
2981,2017-07-12,565.42
2982,2017-08-12,572.23
2983,2017-11-12,577.5
2984,2017-12-12,575.63
2985,2017-12-13,577.17
2986,2017-12-14,579.3
2987,2017-12-15,574.58
2988,2017-12-18,579.31
2989,2017-12-19,578.78
2990,2017-12-20,577.2
2991,2017-12-21,575.83
2992,2017-12-22,578.17
2993,2017-12-25,574.69
2994,2017-12-26,577.29
2995,2017-12-27,579.75
2996,2017-12-28,576.88
2997,2017-12-29,571.88
2998,2018-01-01,571.88
2999,2018-02-01,576.3
3000,2018-03-01,573.93
3001,2018-04-01,572.83
3002,2018-05-01,570.13
3003,2018-08-01,566.33
3004,2018-09-01,574.8
3005,2018-10-01,575.75
3006,2018-11-01,570.75
3007,2018-12-01,569.67
3008,2018-01-15,570.04
3009,2018-01-16,570.87
3010,2018-01-17,568.31
3011,2018-01-18,565.8
3012,2018-01-19,568.59
3013,2018-01-22,572.58
3014,2018-01-23,578.21
3015,2018-01-24,577.0
3016,2018-01-25,577.75
3017,2018-01-26,577.0
3018,2018-01-29,578.67
3019,2018-01-30,577.75
3020,2018-01-31,577.1
3021,2018-01-02,579.08
3022,2018-02-02,580.58
3023,2018-05-02,583.04
3024,2018-06-02,584.71
3025,2018-07-02,589.75
3026,2018-08-02,590.6
3027,2018-09-02,591.5
3028,2018-12-02,591.5
3029,2018-02-13,591.5
3030,2018-02-14,591.5
3031,2018-02-15,591.5
3032,2018-02-16,591.5
3033,2018-02-19,591.5
3034,2018-02-20,591.5
3035,2018-02-21,591.5
3036,2018-02-22,592.83
3037,2018-02-23,593.94
3038,2018-02-26,598.66
3039,2018-02-27,600.15
3040,2018-02-28,601.3
3041,2018-01-03,610.02
3042,2018-02-03,610.75
3043,2018-05-03,612.58
3044,2018-06-03,620.81
3045,2018-07-03,612.0
3046,2018-08-03,611.04
3047,2018-09-03,608.13
3048,2018-12-03,592.78
3049,2018-03-13,591.03
3050,2018-03-14,591.19
3051,2018-03-15,591.67
3052,2018-03-16,595.57
3053,2018-03-19,591.94
3054,2018-03-20,590.83
3055,2018-03-21,590.29
3056,2018-03-22,594.82
3057,2018-03-23,585.86
3058,2018-03-26,571.56
3059,2018-03-27,574.04
3060,2018-03-28,571.21
3061,2018-03-29,573.25
3062,2018-03-30,575.5
3063,2018-02-04,577.7
3064,2018-03-04,578.75
3065,2018-04-04,579.55
3066,2018-05-04,579.55
3067,2018-06-04,579.55
3068,2018-09-04,578.69
3069,2018-10-04,578.28
3070,2018-11-04,580.52
3071,2018-12-04,578.69
3072,2018-04-13,578.5
3073,2018-04-16,578.17
3074,2018-04-17,576.88
3075,2018-04-18,578.71
3076,2018-04-19,579.38
3077,2018-04-20,581.98
3078,2018-04-23,597.5
3079,2018-04-24,594.43
3080,2018-04-25,591.79
3081,2018-04-26,587.68
3082,2018-04-27,585.83
3083,2018-04-30,585.83
3084,2018-01-05,585.83
3085,2018-02-05,587.5
3086,2018-03-05,586.37
3087,2018-04-05,586.83
3088,2018-07-05,589.79
3089,2018-08-05,588.5
3090,2018-09-05,586.9
3091,2018-10-05,583.3
3092,2018-11-05,585.47
3093,2018-05-14,585.42
3094,2018-05-15,588.88
3095,2018-05-16,588.75
3096,2018-05-17,591.19
3097,2018-05-18,590.21
3098,2018-05-21,591.25
3099,2018-05-22,590.63
3100,2018-05-23,586.43
3101,2018-05-24,586.22
3102,2018-05-25,586.2
3103,2018-05-28,589.58
3104,2018-05-29,590.63
3105,2018-05-30,591.46
3106,2018-05-31,589.61
3107,2018-01-06,588.69
3108,2018-04-06,591.46
3109,2018-05-06,590.5
3110,2018-06-06,592.5
3111,2018-07-06,593.33
3112,2018-08-06,593.75
3113,2018-11-06,594.25
3114,2018-12-06,595.25
3115,2018-06-13,594.67
3116,2018-06-14,593.51
3117,2018-06-15,593.56
3118,2018-06-18,593.56
3119,2018-06-19,596.18
3120,2018-06-20,597.92
3121,2018-06-21,596.0
3122,2018-06-22,595.0
3123,2018-06-25,596.25
3124,2018-06-26,596.08
3125,2018-06-27,594.13
3126,2018-06-28,594.58
3127,2018-06-29,591.46
3128,2018-02-07,591.25
3129,2018-03-07,589.69
3130,2018-04-07,588.5
3131,2018-05-07,586.25
3132,2018-06-07,585.0
3133,2018-09-07,579.17
3134,2018-10-07,577.22
3135,2018-11-07,580.0
3136,2018-12-07,580.63
3137,2018-07-13,580.0
3138,2018-07-16,578.52
3139,2018-07-17,580.32
3140,2018-07-18,580.0
3141,2018-07-19,579.33
3142,2018-07-20,579.82
3143,2018-07-23,578.42
3144,2018-07-24,575.61
3145,2018-07-25,575.98
3146,2018-07-26,576.25
3147,2018-07-27,575.0
3148,2018-07-30,575.83
3149,2018-07-31,574.87
3150,2018-01-08,575.0
3151,2018-02-08,575.0
3152,2018-03-08,574.0
3153,2018-06-08,573.92
3154,2018-07-08,571.97
3155,2018-08-08,572.21
3156,2018-09-08,567.21
3157,2018-10-08,569.18
3158,2018-08-13,570.83
3159,2018-08-14,571.26
3160,2018-08-15,571.63
3161,2018-08-16,570.39
3162,2018-08-17,570.67
3163,2018-08-20,570.0
3164,2018-08-21,571.67
3165,2018-08-22,573.76
3166,2018-08-23,574.79
3167,2018-08-24,575.5
3168,2018-08-27,577.5
3169,2018-08-28,577.5
3170,2018-08-29,576.76
3171,2018-08-30,575.84
3172,2018-08-31,574.21
3173,2018-03-09,575.67
3174,2018-04-09,575.79
3175,2018-05-09,575.0
3176,2018-06-09,574.68
3177,2018-07-09,574.47
3178,2018-10-09,572.32
3179,2018-11-09,572.0
3180,2018-12-09,571.77
3181,2018-09-13,569.74
3182,2018-09-14,569.61
3183,2018-09-17,570.0
3184,2018-09-18,568.91
3185,2018-09-19,568.92
3186,2018-09-20,566.25
3187,2018-09-21,565.75
3188,2018-09-24,565.75
3189,2018-09-25,565.19
3190,2018-09-26,565.31
3191,2018-09-27,563.25
3192,2018-09-28,560.0
3193,2018-01-10,560.0
3194,2018-02-10,560.0
3195,2018-03-10,560.0
3196,2018-04-10,560.0
3197,2018-05-10,560.0
3198,2018-08-10,561.5
3199,2018-09-10,555.63
3200,2018-10-10,555.0
3201,2018-11-10,555.63
3202,2018-12-10,554.38
3203,2018-10-15,555.0
3204,2018-10-16,555.0
3205,2018-10-17,553.13
3206,2018-10-18,552.92
3207,2018-10-19,549.38
3208,2018-10-22,544.38
3209,2018-10-23,545.0
3210,2018-10-24,539.42
3211,2018-10-25,535.5
3212,2018-10-26,535.5
3213,2018-10-29,534.33
3214,2018-10-30,533.67
3215,2018-10-31,532.0
3216,2018-01-11,531.17
3217,2018-02-11,530.0
3218,2018-05-11,530.31
3219,2018-06-11,530.0
3220,2018-07-11,530.0
3221,2018-08-11,526.0
3222,2018-09-11,523.33
3223,2018-12-11,520.33
3224,2018-11-13,516.55
3225,2018-11-14,512.0
3226,2018-11-15,505.0
3227,2018-11-16,504.17
3228,2018-11-19,503.75
3229,2018-11-20,500.0
3230,2018-11-21,496.2
3231,2018-11-22,495.3
3232,2018-11-23,490.0
3233,2018-11-26,486.67
3234,2018-11-27,485.0
3235,2018-11-28,482.5
3236,2018-11-29,482.5
3237,2018-11-30,477.5
3238,2018-03-12,477.0
3239,2018-04-12,478.13
3240,2018-05-12,477.81
3241,2018-06-12,468.81
3242,2018-07-12,475.5
3243,2018-10-12,478.33
3244,2018-11-12,475.0
3245,2018-12-12,475.5
3246,2018-12-13,477.88
3247,2018-12-14,475.83
3248,2018-12-17,475.63
3249,2018-12-18,481.25
3250,2018-12-19,485.0
3251,2018-12-20,482.5
3252,2018-12-21,482.17
3253,2018-12-24,482.5
3254,2018-12-25,485.0
3255,2018-12-26,485.0
3256,2018-12-27,483.13
3257,2018-12-28,482.71
3258,2018-12-31,482.71
3259,2019-01-01,482.71
3260,2019-02-01,480.94
3261,2019-03-01,480.0
3262,2019-04-01,479.3
3263,2019-07-01,479.5
3264,2019-08-01,480.0
3265,2019-09-01,480.0
3266,2019-10-01,479.0
3267,2019-11-01,479.55
3268,2019-01-14,480.33
3269,2019-01-15,480.63
3270,2019-01-16,480.42
3271,2019-01-17,480.0
3272,2019-01-18,480.0
3273,2019-01-21,487.0
3274,2019-01-22,488.67
3275,2019-01-23,485.83
3276,2019-01-24,488.75
3277,2019-01-25,495.08
3278,2019-01-28,495.83
3279,2019-01-29,495.94
3280,2019-01-30,497.4
3281,2019-01-31,497.4
3282,2019-01-02,497.4
3283,2019-04-02,497.4
3284,2019-05-02,497.4
3285,2019-06-02,497.4
3286,2019-07-02,497.4
3287,2019-08-02,497.4
3288,2019-11-02,519.17
3289,2019-12-02,510.21
3290,2019-02-13,511.25
3291,2019-02-14,515.25
3292,2019-02-15,520.8
3293,2019-02-18,512.5
3294,2019-02-19,514.5
3295,2019-02-20,515.5
3296,2019-02-21,517.08
3297,2019-02-22,516.82
3298,2019-02-25,522.92
3299,2019-02-26,520.42
3300,2019-02-27,526.69
3301,2019-02-28,526.88
3302,2019-01-03,527.67
3303,2019-04-03,527.5
3304,2019-05-03,534.58
3305,2019-06-03,534.5
3306,2019-07-03,533.75
3307,2019-08-03,535.0
3308,2019-11-03,528.0
3309,2019-12-03,535.17
3310,2019-03-13,534.79
3311,2019-03-14,538.0
3312,2019-03-15,537.5
3313,2019-03-18,536.67
3314,2019-03-19,538.25
3315,2019-03-20,537.08
3316,2019-03-21,534.38
3317,2019-03-22,530.5
3318,2019-03-25,531.82
3319,2019-03-26,530.25
3320,2019-03-27,531.19
3321,2019-03-28,530.25
3322,2019-03-29,530.0
3323,2019-01-04,527.81
3324,2019-02-04,519.5
3325,2019-03-04,522.0
3326,2019-04-04,526.67
3327,2019-05-04,526.67
3328,2019-08-04,533.75
3329,2019-09-04,535.13
3330,2019-10-04,531.88
3331,2019-11-04,531.65
3332,2019-12-04,532.58
3333,2019-04-15,534.06
3334,2019-04-16,535.1
3335,2019-04-17,532.31
3336,2019-04-18,532.46
3337,2019-04-19,532.5
3338,2019-04-22,531.73
3339,2019-04-23,531.83
3340,2019-04-24,531.4
3341,2019-04-25,527.69
3342,2019-04-26,527.75
3343,2019-04-29,526.03
3344,2019-04-30,529.17
3345,2019-01-05,529.17
3346,2019-02-05,529.17
3347,2019-03-05,529.17
3348,2019-06-05,525.92
3349,2019-07-05,527.5
3350,2019-08-05,524.3
3351,2019-09-05,523.75
3352,2019-10-05,523.77
3353,2019-05-13,520.75
3354,2019-05-14,520.2
3355,2019-05-15,520.2
3356,2019-05-16,520.0
3357,2019-05-17,520.63
3358,2019-05-20,513.25
3359,2019-05-21,513.75
3360,2019-05-22,512.5
3361,2019-05-23,508.75
3362,2019-05-24,505.5
3363,2019-05-27,504.31
3364,2019-05-28,503.77
3365,2019-05-29,503.83
3366,2019-05-30,502.17
3367,2019-05-31,500.94
3368,2019-03-06,500.94
3369,2019-04-06,497.7
3370,2019-05-06,493.63
3371,2019-06-06,493.27
3372,2019-07-06,493.27
3373,2019-10-06,493.75
3374,2019-11-06,493.38
3375,2019-12-06,493.0
3376,2019-06-13,488.42
3377,2019-06-14,489.42
3378,2019-06-17,484.33
3379,2019-06-18,484.75
3380,2019-06-19,484.75
3381,2019-06-20,485.0
3382,2019-06-21,485.58
3383,2019-06-24,492.92
3384,2019-06-25,496.46
3385,2019-06-26,499.35
3386,2019-06-27,496.83
3387,2019-06-28,503.15
3388,2019-01-07,509.25
3389,2019-02-07,507.05
3390,2019-03-07,509.17
3391,2019-04-07,508.75
3392,2019-05-07,508.5
3393,2019-08-07,507.63
3394,2019-09-07,509.75
3395,2019-10-07,507.92
3396,2019-11-07,507.5
3397,2019-12-07,506.98
3398,2019-07-15,507.5
3399,2019-07-16,505.19
3400,2019-07-17,507.4
3401,2019-07-18,508.69
3402,2019-07-19,507.75
3403,2019-07-22,507.5
3404,2019-07-23,506.5
3405,2019-07-24,506.5
3406,2019-07-25,506.75
3407,2019-07-26,507.33
3408,2019-07-29,505.38
3409,2019-07-30,505.1
3410,2019-07-31,503.25
3411,2019-01-08,503.85
3412,2019-02-08,500.5
3413,2019-05-08,496.67
3414,2019-06-08,493.39
3415,2019-07-08,493.13
3416,2019-08-08,493.08
3417,2019-09-08,489.88
3418,2019-12-08,485.31
3419,2019-08-13,481.75
3420,2019-08-14,481.88
3421,2019-08-15,480.5
3422,2019-08-16,482.17
3423,2019-08-19,482.0
3424,2019-08-20,481.65
3425,2019-08-21,478.31
3426,2019-08-22,473.25
3427,2019-08-23,472.06
3428,2019-08-26,469.06
3429,2019-08-27,466.13
3430,2019-08-28,463.75
3431,2019-08-29,463.94
3432,2019-08-30,462.0
3433,2019-02-09,465.5
3434,2019-03-09,464.5
3435,2019-04-09,462.5
3436,2019-05-09,465.77
3437,2019-06-09,462.9
3438,2019-09-09,463.25
3439,2019-10-09,461.92
3440,2019-11-09,460.38
3441,2019-12-09,460.96
3442,2019-09-13,460.96
3443,2019-09-16,460.25
3444,2019-09-17,460.13
3445,2019-09-18,460.0
3446,2019-09-19,460.0
3447,2019-09-20,453.13
3448,2019-09-23,455.0
3449,2019-09-24,455.38
3450,2019-09-25,455.0
3451,2019-09-26,452.13
3452,2019-09-27,452.88
3453,2019-09-30,452.2
3454,2019-01-10,452.2
3455,2019-02-10,452.2
3456,2019-03-10,452.2
3457,2019-04-10,452.2
3458,2019-07-10,452.2
3459,2019-08-10,452.92
3460,2019-09-10,449.58
3461,2019-10-10,450.1
3462,2019-11-10,449.5
3463,2019-10-14,447.67
3464,2019-10-15,442.27
3465,2019-10-16,441.0
3466,2019-10-17,439.33
3467,2019-10-18,432.69
3468,2019-10-21,430.0
3469,2019-10-22,429.79
3470,2019-10-23,428.38
3471,2019-10-24,428.67
3472,2019-10-25,427.5
3473,2019-10-28,429.92
3474,2019-10-29,433.29
3475,2019-10-30,435.83
3476,2019-10-31,431.75
3477,2019-01-11,430.67
3478,2019-04-11,429.5
3479,2019-05-11,432.0
3480,2019-06-11,434.38
3481,2019-07-11,435.47
3482,2019-08-11,435.6
3483,2019-11-11,434.13
3484,2019-12-11,438.45
3485,2019-11-13,438.52
3486,2019-11-14,439.21
3487,2019-11-15,446.07
3488,2019-11-18,448.68
3489,2019-11-19,451.26
3490,2019-11-20,451.32
3491,2019-11-21,453.03
3492,2019-11-22,454.95
3493,2019-11-25,459.53
3494,2019-11-26,463.32
3495,2019-11-27,457.63
3496,2019-11-28,455.39
3497,2019-11-29,457.37
3498,2019-02-12,457.04
3499,2019-03-12,458.03
3500,2019-04-12,459.26
3501,2019-05-12,459.74
3502,2019-06-12,460.64
3503,2019-09-12,461.78
3504,2019-10-12,467.42
3505,2019-11-12,464.86
3506,2019-12-12,466.32
3507,2019-12-13,472.84
3508,2019-12-16,472.96
3509,2019-12-17,473.21
3510,2019-12-18,474.92
3511,2019-12-19,477.68
3512,2019-12-20,480.39
3513,2019-12-23,477.86
3514,2019-12-24,482.92
3515,2019-12-25,481.18
3516,2019-12-26,483.93
3517,2019-12-27,480.97
3518,2019-12-30,481.0
3519,2019-12-31,484.47
3520,2020-01-01,484.47
3521,2020-02-01,484.75
3522,2020-03-01,484.14
3523,2020-06-01,484.2
3524,2020-07-01,485.53
3525,2020-08-01,486.3
3526,2020-09-01,489.79
3527,2020-10-01,489.47
3528,2020-01-13,490.13
3529,2020-01-14,491.0
3530,2020-01-15,492.84
3531,2020-01-16,495.79
3532,2020-01-17,495.55
3533,2020-01-20,495.95
3534,2020-01-21,495.95
3535,2020-01-22,495.95
3536,2020-01-23,495.95
3537,2020-01-24,495.95
3538,2020-01-27,495.95
3539,2020-01-28,495.95
3540,2020-01-29,495.95
3541,2020-01-30,495.95
3542,2020-01-31,495.95
3543,2020-03-02,482.67
3544,2020-04-02,484.32
3545,2020-05-02,477.35
3546,2020-06-02,475.63
3547,2020-07-02,474.13
3548,2020-10-02,470.07
3549,2020-11-02,470.0
3550,2020-12-02,461.58
3551,2020-02-13,463.68
3552,2020-02-14,459.47
3553,2020-02-17,459.47
3554,2020-02-18,456.67
3555,2020-02-19,449.32
3556,2020-02-20,455.0
3557,2020-02-21,465.36
3558,2020-02-24,464.3
3559,2020-02-25,465.0
3560,2020-02-26,467.26
3561,2020-02-27,465.0
3562,2020-02-28,463.68
3563,2020-02-03,461.17
3564,2020-03-03,462.54
3565,2020-04-03,459.08
3566,2020-05-03,461.0
3567,2020-06-03,459.61
3568,2020-09-03,459.49
3569,2020-10-03,460.0
3570,2020-11-03,456.33
3571,2020-12-03,455.89
3572,2020-03-13,452.89
3573,2020-03-16,452.06
3574,2020-03-17,451.62
3575,2020-03-18,450.79
3576,2020-03-19,444.74
3577,2020-03-20,441.92
3578,2020-03-23,435.36
3579,2020-03-24,430.79
3580,2020-03-25,425.37
3581,2020-03-26,423.47
3582,2020-03-27,421.18
3583,2020-03-30,421.58
3584,2020-03-31,421.58
3585,2020-01-04,412.37
3586,2020-02-04,407.45
3587,2020-03-04,405.37
3588,2020-06-04,405.37
3589,2020-07-04,405.37
3590,2020-08-04,405.37
3591,2020-09-04,405.79
3592,2020-10-04,410.78
3593,2020-04-13,409.98
3594,2020-04-14,408.74
3595,2020-04-15,409.42
3596,2020-04-16,409.25
3597,2020-04-17,401.38
3598,2020-04-20,405.83
3599,2020-04-21,406.68
3600,2020-04-22,406.62
3601,2020-04-23,406.18
3602,2020-04-24,403.55
3603,2020-04-27,403.83
3604,2020-04-28,403.54
3605,2020-04-29,402.84
3606,2020-04-30,405.88
3607,2020-01-05,405.88
3608,2020-04-05,405.88
3609,2020-05-05,405.88
3610,2020-06-05,405.3
3611,2020-07-05,403.91
3612,2020-08-05,406.5
3613,2020-11-05,406.48
3614,2020-12-05,410.16
3615,2020-05-13,409.12
3616,2020-05-14,416.32
3617,2020-05-15,416.55
3618,2020-05-18,430.59
3619,2020-05-19,429.51
3620,2020-05-20,430.59
3621,2020-05-21,425.87
3622,2020-05-22,426.75
3623,2020-05-25,426.72
3624,2020-05-26,427.0
3625,2020-05-27,426.68
3626,2020-05-28,427.16
3627,2020-05-29,427.54
3628,2020-01-06,435.21
3629,2020-02-06,439.34
3630,2020-03-06,439.34
3631,2020-04-06,438.71
3632,2020-05-06,435.59
3633,2020-08-06,439.87
3634,2020-09-06,440.53
3635,2020-10-06,440.26
3636,2020-11-06,443.38
3637,2020-12-06,440.6
3638,2020-06-15,440.6
3639,2020-06-16,442.16
3640,2020-06-17,442.0
3641,2020-06-18,442.0
3642,2020-06-19,442.47
3643,2020-06-22,442.5
3644,2020-06-23,444.34
3645,2020-06-24,444.56
3646,2020-06-25,444.56
3647,2020-06-26,444.56
3648,2020-06-29,444.95
3649,2020-06-30,445.37
3650,2020-01-07,443.75
3651,2020-02-07,441.48
3652,2020-03-07,447.89
3653,2020-06-07,450.39
3654,2020-07-07,448.91
3655,2020-08-07,453.17
3656,2020-09-07,456.67
3657,2020-10-07,453.42
3658,2020-07-13,456.58
3659,2020-07-14,465.3
3660,2020-07-15,464.86
3661,2020-07-16,467.89
3662,2020-07-17,470.8
3663,2020-07-20,474.42
3664,2020-07-21,475.39
3665,2020-07-22,475.32
3666,2020-07-23,478.36
3667,2020-07-24,476.33
3668,2020-07-27,476.47
3669,2020-07-28,479.88
3670,2020-07-29,484.41
3671,2020-07-30,485.83
3672,2020-07-31,485.89
3673,2020-03-08,490.05
3674,2020-04-08,495.26
3675,2020-05-08,495.47
3676,2020-06-08,500.72
3677,2020-07-08,504.24
3678,2020-10-08,505.79
3679,2020-11-08,508.09
3680,2020-12-08,508.38
3681,2020-08-13,508.32
3682,2020-08-14,503.85
3683,2020-08-17,505.97
3684,2020-08-18,507.08
3685,2020-08-19,507.17
3686,2020-08-20,508.62
3687,2020-08-21,509.91
3688,2020-08-24,510.04
3689,2020-08-25,509.61
3690,2020-08-26,507.53
3691,2020-08-27,506.89
3692,2020-08-28,508.83
3693,2020-08-31,513.5
3694,2020-01-09,517.89
3695,2020-02-09,516.66
3696,2020-03-09,519.93
3697,2020-04-09,519.28
3698,2020-07-09,522.21
3699,2020-08-09,522.21
3700,2020-09-09,519.38
3701,2020-10-09,519.25
3702,2020-11-09,520.07
3703,2020-09-14,519.13
3704,2020-09-15,519.26
3705,2020-09-16,516.57
3706,2020-09-17,515.43
3707,2020-09-18,511.75
3708,2020-09-21,510.79
3709,2020-09-22,509.34
3710,2020-09-23,506.32
3711,2020-09-24,506.47
3712,2020-09-25,504.59
3713,2020-09-28,503.99
3714,2020-09-29,504.93
3715,2020-09-30,503.39
3716,2020-01-10,503.39
3717,2020-02-10,503.39
3718,2020-05-10,503.39
3719,2020-06-10,503.39
3720,2020-07-10,503.39
3721,2020-08-10,503.39
3722,2020-09-10,509.77
3723,2020-12-10,511.48
3724,2020-10-13,511.42
3725,2020-10-14,511.32
3726,2020-10-15,511.05
3727,2020-10-16,509.74
3728,2020-10-19,508.31
3729,2020-10-20,507.78
3730,2020-10-21,509.95
3731,2020-10-22,512.83
3732,2020-10-23,515.51
3733,2020-10-26,515.37
3734,2020-10-27,515.54
3735,2020-10-28,517.94
3736,2020-10-29,517.13
3737,2020-10-30,517.61
3738,2020-02-11,518.6
3739,2020-03-11,522.17
3740,2020-04-11,522.25
3741,2020-05-11,524.8
3742,2020-06-11,528.09
3743,2020-09-11,540.26
3744,2020-10-11,540.17
3745,2020-11-11,545.97
3746,2020-12-11,546.06
3747,2020-11-13,546.5
3748,2020-11-16,548.51
3749,2020-11-17,555.33
3750,2020-11-18,556.0
3751,2020-11-19,559.71
3752,2020-11-20,563.47
3753,2020-11-23,569.87
3754,2020-11-24,568.31
3755,2020-11-25,570.49
3756,2020-11-26,573.77
3757,2020-11-27,576.79
3758,2020-11-30,591.91
3759,2020-01-12,588.68
3760,2020-02-12,598.95
3761,2020-03-12,596.18
3762,2020-04-12,599.04
3763,2020-07-12,616.92
3764,2020-08-12,620.89
3765,2020-09-12,620.89
3766,2020-10-12,639.47
3767,2020-11-12,647.0
3768,2020-12-14,646.78
3769,2020-12-15,642.79
3770,2020-12-16,641.84
3771,2020-12-17,646.58
3772,2020-12-18,657.5
3773,2020-12-21,701.89
3774,2020-12-22,702.96
3775,2020-12-23,687.7
3776,2020-12-24,687.24
3777,2020-12-25,681.09
3778,2020-12-28,655.0
3779,2020-12-29,653.75
3780,2020-12-30,653.25
3781,2020-12-31,658.7
3782,2021-01-01,658.7
3783,2021-04-01,660.9
3784,2021-05-01,675.37
3785,2021-06-01,673.33
3786,2021-07-01,656.82
3787,2021-08-01,657.11
3788,2021-11-01,651.05
3789,2021-12-01,650.07
3790,2021-01-13,648.09
3791,2021-01-14,647.74
3792,2021-01-15,647.79
3793,2021-01-18,646.78
3794,2021-01-19,641.77
3795,2021-01-20,639.53
3796,2021-01-21,640.59
3797,2021-01-22,640.59
3798,2021-01-25,640.39
3799,2021-01-26,640.0
3800,2021-01-27,641.76
3801,2021-01-28,643.64
3802,2021-01-29,648.25
3803,2021-01-02,644.11
3804,2021-02-02,644.01
3805,2021-03-02,644.59
3806,2021-04-02,644.11
3807,2021-05-02,649.21
3808,2021-08-02,649.21
3809,2021-09-02,649.21
3810,2021-10-02,649.21
3811,2021-11-02,649.21
3812,2021-12-02,649.21
3813,2021-02-15,649.21
3814,2021-02-16,649.21
3815,2021-02-17,649.21
3816,2021-02-18,665.83
3817,2021-02-19,664.75
3818,2021-02-22,690.24
3819,2021-02-23,687.42
3820,2021-02-24,685.95
3821,2021-02-25,698.83
3822,2021-02-26,698.53
3823,2021-01-03,700.3
3824,2021-02-03,698.68
3825,2021-03-03,719.53
3826,2021-04-03,714.71
3827,2021-05-03,711.78
3828,2021-08-03,714.81
3829,2021-09-03,708.03
3830,2021-10-03,704.33
3831,2021-11-03,709.72
3832,2021-12-03,719.42
3833,2021-03-15,721.25
3834,2021-03-16,729.87
3835,2021-03-17,727.01
3836,2021-03-18,727.01
3837,2021-03-19,727.13
3838,2021-03-22,731.74
3839,2021-03-23,731.74
3840,2021-03-24,733.95
3841,2021-03-25,735.63
3842,2021-03-26,740.42
3843,2021-03-29,761.67
3844,2021-03-30,750.79
3845,2021-03-31,751.67
3846,2021-01-04,751.33
3847,2021-02-04,779.47
3848,2021-05-04,779.47
3849,2021-06-04,780.42
3850,2021-07-04,782.37
3851,2021-08-04,871.91
3852,2021-09-04,872.63
3853,2021-12-04,875.26
3854,2021-04-13,873.5
3855,2021-04-14,873.16
3856,2021-04-15,871.89
3857,2021-04-16,874.25
3858,2021-04-19,874.14
3859,2021-04-20,881.61
3860,2021-04-21,875.78
3861,2021-04-22,880.2
3862,2021-04-23,880.59
3863,2021-04-26,908.05
3864,2021-04-27,912.01
3865,2021-04-28,910.97
3866,2021-04-29,914.38
3867,2021-04-30,918.86
3868,2021-03-05,918.86
3869,2021-04-05,918.86
3870,2021-05-05,918.86
3871,2021-06-05,926.67
3872,2021-07-05,971.15
3873,2021-10-05,1042.42
3874,2021-11-05,1041.78
3875,2021-12-05,1062.37
3876,2021-05-13,1037.23
3877,2021-05-14,1001.05
3878,2021-05-17,973.63
3879,2021-05-18,975.26
3880,2021-05-19,965.83
3881,2021-05-20,963.16
3882,2021-05-21,952.08
3883,2021-05-24,945.0
3884,2021-05-25,892.94
3885,2021-05-26,882.5
3886,2021-05-27,880.59
3887,2021-05-28,907.4
3888,2021-05-31,913.65
3889,2021-01-06,913.16
3890,2021-02-06,910.61
3891,2021-03-06,904.95
3892,2021-04-06,904.74
3893,2021-07-06,903.16
3894,2021-08-06,902.89
3895,2021-09-06,903.56
3896,2021-10-06,905.31
3897,2021-11-06,906.67
3898,2021-06-14,906.67
3899,2021-06-15,913.16
3900,2021-06-16,906.32
3901,2021-06-17,905.88
3902,2021-06-18,897.84
3903,2021-06-21,897.7
3904,2021-06-22,895.33
3905,2021-06-23,888.95
3906,2021-06-24,877.89
3907,2021-06-25,877.4
3908,2021-06-28,877.33
3909,2021-06-29,862.24
3910,2021-06-30,840.92
3911,2021-01-07,845.9
3912,2021-02-07,844.74
3913,2021-05-07,846.63
3914,2021-06-07,858.07
3915,2021-07-07,873.68
3916,2021-08-07,878.53
3917,2021-09-07,892.89
3918,2021-12-07,895.92
3919,2021-07-13,905.0
3920,2021-07-14,906.67
3921,2021-07-15,913.79
3922,2021-07-16,913.16
3923,2021-07-19,913.16
3924,2021-07-20,920.44
3925,2021-07-21,918.68
3926,2021-07-22,917.84
3927,2021-07-23,918.68
3928,2021-07-26,919.14
3929,2021-07-27,919.14
3930,2021-07-28,925.79
3931,2021-07-29,935.0
3932,2021-07-30,935.0
3933,2021-02-08,931.67
3934,2021-03-08,923.95
3935,2021-04-08,930.0
3936,2021-05-08,930.0
3937,2021-06-08,928.75
3938,2021-09-08,916.67
3939,2021-10-08,917.5
3940,2021-11-08,926.67
3941,2021-12-08,921.67
3942,2021-08-13,921.25
3943,2021-08-16,921.67
3944,2021-08-17,921.67
3945,2021-08-18,916.67
3946,2021-08-19,908.75
3947,2021-08-20,907.5
3948,2021-08-23,908.75
3949,2021-08-24,910.0
3950,2021-08-25,907.5
3951,2021-08-26,903.75
3952,2021-08-27,904.0
3953,2021-08-30,911.25
3954,2021-08-31,910.0
3955,2021-01-09,907.37
3956,2021-02-09,910.95
3957,2021-03-09,919.12
3958,2021-06-09,922.65
3959,2021-07-09,926.13
3960,2021-08-09,922.06
3961,2021-09-09,932.37
3962,2021-10-09,938.55
3963,2021-09-13,937.74
3964,2021-09-14,935.88
3965,2021-09-15,931.05
3966,2021-09-16,936.75
3967,2021-09-17,926.25
3968,2021-09-20,926.25
3969,2021-09-21,926.25
3970,2021-09-22,925.0
3971,2021-09-23,923.82
3972,2021-09-24,907.68
3973,2021-09-27,909.19
3974,2021-09-28,910.0
3975,2021-09-29,910.0
3976,2021-09-30,910.47
3977,2021-01-10,910.47
3978,2021-04-10,910.47
3979,2021-05-10,910.47
3980,2021-06-10,910.47
3981,2021-07-10,910.47
3982,2021-08-10,921.78
3983,2021-11-10,925.59
3984,2021-12-10,921.78
3985,2021-10-13,921.78
3986,2021-10-14,922.65
3987,2021-10-15,925.92
3988,2021-10-18,915.92
3989,2021-10-19,917.37
3990,2021-10-20,915.0
3991,2021-10-21,915.0
3992,2021-10-22,896.64
3993,2021-10-25,896.64
3994,2021-10-26,890.0
3995,2021-10-27,878.42
3996,2021-10-28,871.78
3997,2021-10-29,872.37
3998,2021-01-11,866.18
3999,2021-02-11,829.74
4000,2021-03-11,829.74
4001,2021-04-11,818.42
4002,2021-05-11,803.84
4003,2021-08-11,803.16
4004,2021-09-11,798.16
4005,2021-10-11,769.14
4006,2021-11-11,789.19
4007,2021-12-11,777.5
4008,2021-11-15,774.74
4009,2021-11-16,777.5
4010,2021-11-17,776.63
4011,2021-11-18,774.74
4012,2021-11-19,771.26
4013,2021-11-22,776.63
4014,2021-11-23,774.87
4015,2021-11-24,778.39
4016,2021-11-25,785.68
4017,2021-11-26,783.86
4018,2021-11-29,775.92
4019,2021-11-30,777.83
4020,2021-01-12,781.58
4021,2021-02-12,784.74
4022,2021-03-12,784.74
4023,2021-06-12,784.74
4024,2021-07-12,781.64
4025,2021-08-12,779.75
4026,2021-09-12,777.68
4027,2021-10-12,776.53
4028,2021-12-13,779.01
4029,2021-12-14,779.84
4030,2021-12-15,773.09
4031,2021-12-16,773.65
4032,2021-12-17,769.71
4033,2021-12-20,770.0
4034,2021-12-21,768.75
4035,2021-12-22,768.75
4036,2021-12-23,767.5
4037,2021-12-24,767.5
4038,2021-12-27,760.79
4039,2021-12-28,759.47
4040,2021-12-29,762.5
4041,2021-12-30,763.53
4042,2021-12-31,761.67
4043,2022-03-01,761.67
4044,2022-04-01,758.68
4045,2022-05-01,761.51
4046,2022-06-01,759.87
4047,2022-07-01,755.29
4048,2022-10-01,755.26
4049,2022-11-01,755.26
4050,2022-12-01,755.75
4051,2022-01-13,755.75
4052,2022-01-14,758.68
4053,2022-01-17,756.58
4054,2022-01-18,757.96
4055,2022-01-19,759.87
4056,2022-01-20,759.87
4057,2022-01-21,760.46
4058,2022-01-24,766.51
4059,2022-01-25,768.42
4060,2022-01-26,768.42
4061,2022-01-27,770.61
4062,2022-01-28,770.61
4063,2022-01-31,770.61
4064,2022-01-02,770.61
4065,2022-02-02,770.61
4066,2022-03-02,770.61
4067,2022-04-02,770.61
4068,2022-07-02,795.07
4069,2022-08-02,809.16
4070,2022-09-02,803.79
4071,2022-10-02,812.37
4072,2022-11-02,816.4
4073,2022-02-14,820.64
4074,2022-02-15,812.96
4075,2022-02-16,817.65
4076,2022-02-17,817.5
4077,2022-02-18,817.5
4078,2022-02-21,819.71
4079,2022-02-22,816.67
4080,2022-02-23,816.67
4081,2022-02-24,812.37
4082,2022-02-25,800.88
4083,2022-02-28,816.84
4084,2022-01-03,830.3
4085,2022-02-03,837.33
4086,2022-03-03,848.75
4087,2022-04-03,857.37
4088,2022-07-03,896.95
4089,2022-08-03,896.95
4090,2022-09-03,864.95
4091,2022-10-03,863.42
4092,2022-11-03,863.88
4093,2022-03-14,845.0
4094,2022-03-15,845.0
4095,2022-03-16,847.5
4096,2022-03-17,847.5
4097,2022-03-18,841.56
4098,2022-03-21,849.21
4099,2022-03-22,849.25
4100,2022-03-23,851.58
4101,2022-03-24,850.75
4102,2022-03-25,862.63
4103,2022-03-28,871.67
4104,2022-03-29,878.29
4105,2022-03-30,878.53
4106,2022-03-31,878.53
4107,2022-01-04,887.5
4108,2022-04-04,887.5
4109,2022-05-04,887.5
4110,2022-06-04,878.33
4111,2022-07-04,877.96
4112,2022-08-04,872.08
4113,2022-11-04,871.05
4114,2022-12-04,872.11
4115,2022-04-13,863.42
4116,2022-04-14,856.95
4117,2022-04-15,857.5
4118,2022-04-18,852.63
4119,2022-04-19,852.67
4120,2022-04-20,853.79
4121,2022-04-21,850.0
4122,2022-04-22,848.33
4123,2022-04-25,815.0
4124,2022-04-26,810.0
4125,2022-04-27,807.5
4126,2022-04-28,810.0
4127,2022-04-29,810.0
4128,2022-02-05,810.0
4129,2022-03-05,810.0
4130,2022-04-05,810.0
4131,2022-05-05,811.18
4132,2022-06-05,797.5
4133,2022-09-05,789.14
4134,2022-10-05,775.0
4135,2022-11-05,778.33
4136,2022-12-05,774.0
4137,2022-05-13,767.5
4138,2022-05-16,765.0
4139,2022-05-17,765.11
4140,2022-05-18,756.67
4141,2022-05-19,750.0
4142,2022-05-20,753.75
4143,2022-05-23,752.37
4144,2022-05-24,746.51
4145,2022-05-25,738.95
4146,2022-05-26,736.67
4147,2022-05-27,740.0
4148,2022-05-30,740.0
4149,2022-05-31,750.0
4150,2022-01-06,750.14
4151,2022-02-06,751.18
4152,2022-03-06,751.18
4153,2022-06-06,750.26
4154,2022-07-06,748.03
4155,2022-08-06,749.14
4156,2022-09-06,748.75
4157,2022-10-06,748.95
4158,2022-06-13,741.84
4159,2022-06-14,735.33
4160,2022-06-15,725.0
4161,2022-06-16,723.33
4162,2022-06-17,713.33
4163,2022-06-20,675.0
4164,2022-06-21,684.74
4165,2022-06-22,674.74
4166,2022-06-23,673.33
4167,2022-06-24,662.5
4168,2022-06-27,677.83
4169,2022-06-28,681.05
4170,2022-06-29,681.64
4171,2022-06-30,681.05
4172,2022-01-07,670.5
4173,2022-04-07,658.95
4174,2022-05-07,661.05
4175,2022-06-07,650.0
4176,2022-07-07,650.0
4177,2022-08-07,650.79
4178,2022-11-07,635.0
4179,2022-12-07,630.0
4180,2022-07-13,626.67
4181,2022-07-14,602.5
4182,2022-07-15,553.33
4183,2022-07-18,575.0
4184,2022-07-19,577.11
4185,2022-07-20,586.32
4186,2022-07-21,570.0
4187,2022-07-22,583.33
4188,2022-07-25,585.0
4189,2022-07-26,590.0
4190,2022-07-27,590.0
4191,2022-07-28,595.0
4192,2022-07-29,594.12
4193,2022-01-08,613.16
4194,2022-02-08,611.32
4195,2022-03-08,610.0
4196,2022-04-08,606.67
4197,2022-05-08,606.78
4198,2022-08-08,608.16
4199,2022-09-08,605.0
4200,2022-10-08,605.0
4201,2022-11-08,605.0
4202,2022-12-08,610.0
4203,2022-08-15,605.53
4204,2022-08-16,604.74
4205,2022-08-17,598.68
4206,2022-08-18,592.37
4207,2022-08-19,581.89
4208,2022-08-22,580.0
4209,2022-08-23,592.37
4210,2022-08-24,596.58
4211,2022-08-25,590.0
4212,2022-08-26,590.0
4213,2022-08-29,575.0
4214,2022-08-30,564.21
4215,2022-08-31,564.21
4216,2022-01-09,564.21
4217,2022-02-09,556.32
4218,2022-05-09,557.37
4219,2022-06-09,557.63
4220,2022-07-09,552.63
4221,2022-08-09,568.24
4222,2022-09-09,570.0
4223,2022-12-09,570.0
4224,2022-09-13,575.26
4225,2022-09-14,571.32
4226,2022-09-15,570.0
4227,2022-09-16,565.92
4228,2022-09-19,565.92
4229,2022-09-20,558.95
4230,2022-09-21,551.58
4231,2022-09-22,565.0
4232,2022-09-23,565.0
4233,2022-09-26,559.47
4234,2022-09-27,562.32
4235,2022-09-28,563.67
4236,2022-09-29,563.0
4237,2022-09-30,568.75
4238,2022-03-10,568.75
4239,2022-04-10,568.75
4240,2022-05-10,568.75
4241,2022-06-10,568.75
4242,2022-07-10,568.75
4243,2022-10-10,578.68
4244,2022-11-10,564.87
4245,2022-12-10,564.12
4246,2022-10-13,561.18
4247,2022-10-14,559.47
4248,2022-10-17,553.16
4249,2022-10-18,548.16
4250,2022-10-19,546.67
4251,2022-10-20,540.0
4252,2022-10-21,535.0
4253,2022-10-24,535.0
4254,2022-10-25,529.47
4255,2022-10-26,533.33
4256,2022-10-27,533.33
4257,2022-10-28,528.53
4258,2022-10-31,516.67
4259,2022-01-11,519.0
4260,2022-02-11,520.0
4261,2022-03-11,520.0
4262,2022-04-11,521.67
4263,2022-07-11,518.33
4264,2022-08-11,518.33
4265,2022-09-11,518.33
4266,2022-10-11,511.58
4267,2022-11-11,535.0
4268,2022-11-14,546.67
4269,2022-11-15,551.67
4270,2022-11-16,557.37
4271,2022-11-17,543.13
4272,2022-11-18,544.38
4273,2022-11-21,541.58
4274,2022-11-22,540.0
4275,2022-11-23,535.0
4276,2022-11-24,539.47
4277,2022-11-25,540.0
4278,2022-11-28,537.96
4279,2022-11-29,550.0
4280,2022-11-30,550.0
4281,2022-01-12,554.25
4282,2022-02-12,553.33
4283,2022-05-12,581.67
4284,2022-06-12,574.12
4285,2022-07-12,570.0
4286,2022-08-12,570.0
4287,2022-09-12,580.0
4288,2022-12-12,583.33
4289,2022-12-13,590.0
4290,2022-12-14,590.0
4291,2022-12-15,600.0
4292,2022-12-16,600.0
4293,2022-12-19,590.0
4294,2022-12-20,590.0
4295,2022-12-21,590.0
4296,2022-12-22,590.0
4297,2022-12-23,589.71
4298,2022-12-26,590.0
4299,2022-12-27,595.0
4300,2022-12-28,595.0
4301,2022-12-29,595.0
4302,2022-12-30,595.0
4303,2023-02-01,595.0
4304,2023-03-01,595.0
4305,2023-04-01,605.79
4306,2023-05-01,602.67
4307,2023-06-01,605.67
4308,2023-09-01,620.0
4309,2023-10-01,626.58
4310,2023-11-01,628.68
4311,2023-12-01,631.18
4312,2023-01-13,636.18
4313,2023-01-16,636.18
4314,2023-01-17,643.16
4315,2023-01-18,645.0
4316,2023-01-19,645.0
4317,2023-01-20,645.0
4318,2023-01-23,645.0
4319,2023-01-24,645.0
4320,2023-01-25,645.0
4321,2023-01-26,645.0
4322,2023-01-27,645.0
4323,2023-01-30,648.33
4324,2023-01-31,646.67
4325,2023-01-02,645.0
4326,2023-02-02,643.0
4327,2023-03-02,635.0
4328,2023-06-02,620.0
4329,2023-07-02,620.0
4330,2023-08-02,620.0
4331,2023-09-02,625.0
4332,2023-10-02,623.33
4333,2023-02-13,618.67
4334,2023-02-14,622.33
4335,2023-02-15,622.33
4336,2023-02-16,630.67
4337,2023-02-17,633.33
4338,2023-02-20,633.33
4339,2023-02-21,638.33
4340,2023-02-22,633.95
4341,2023-02-23,633.95
4342,2023-02-24,633.95
4343,2023-02-27,630.0
4344,2023-02-28,630.0
4345,2023-01-03,634.74
4346,2023-02-03,638.95
4347,2023-03-03,643.16
4348,2023-06-03,638.95
4349,2023-07-03,643.16
4350,2023-08-03,640.0
4351,2023-09-03,640.0
4352,2023-10-03,645.0
4353,2023-03-13,651.67
4354,2023-03-14,659.67
4355,2023-03-15,660.0
4356,2023-03-16,650.0
4357,2023-03-17,651.67
4358,2023-03-20,640.0
4359,2023-03-21,640.0
4360,2023-03-22,640.0
4361,2023-03-23,639.0
4362,2023-03-24,636.67
4363,2023-03-27,628.33
4364,2023-03-28,629.0
4365,2023-03-29,632.67
4366,2023-03-30,633.33
4367,2023-03-31,637.77
4368,2023-03-04,625.0
4369,2023-04-04,619.25
4370,2023-05-04,619.25
4371,2023-06-04,611.67
4372,2023-07-04,617.67
4373,2023-10-04,610.0
4374,2023-11-04,610.0
4375,2023-12-04,610.0
4376,2023-04-13,610.0
4377,2023-04-14,611.67
4378,2023-04-17,610.0
4379,2023-04-18,613.33
4380,2023-04-19,610.33
4381,2023-04-20,608.33
4382,2023-04-21,595.0
4383,2023-04-24,585.0
4384,2023-04-25,585.0
4385,2023-04-26,580.0
4386,2023-04-27,580.0
4387,2023-04-28,580.0
4388,2023-01-05,580.0
4389,2023-02-05,580.0
4390,2023-03-05,580.0
4391,2023-04-05,561.67
4392,2023-05-05,550.0
4393,2023-08-05,570.0
4394,2023-09-05,570.0
4395,2023-10-05,560.0
4396,2023-11-05,550.0
4397,2023-12-05,550.0
4398,2023-05-15,556.67
4399,2023-05-16,553.33
4400,2023-05-17,555.0
4401,2023-05-18,552.0
4402,2023-05-19,548.33
4403,2023-05-22,545.67
4404,2023-05-23,538.33
4405,2023-05-24,531.67
4406,2023-05-25,529.33
4407,2023-05-26,530.0
4408,2023-05-29,530.0
4409,2023-05-30,523.33
4410,2023-05-31,518.33
4411,2023-01-06,521.67
4412,2023-02-06,524.43
4413,2023-05-06,539.47
4414,2023-06-06,539.47
4415,2023-07-06,539.0
4416,2023-08-06,540.0
4417,2023-09-06,545.0
4418,2023-12-06,540.0
4419,2023-06-13,543.25
4420,2023-06-14,545.0
4421,2023-06-15,549.77
4422,2023-06-16,556.67
4423,2023-06-19,556.67
4424,2023-06-20,548.33
4425,2023-06-21,544.0
4426,2023-06-22,544.0
4427,2023-06-23,544.0
4428,2023-06-26,530.0
4429,2023-06-27,543.33
4430,2023-06-28,541.67
4431,2023-06-29,541.67
4432,2023-06-30,541.67
4433,2023-03-07,541.67
4434,2023-04-07,543.33
4435,2023-05-07,542.68
4436,2023-06-07,542.67
4437,2023-07-07,542.67
4438,2023-10-07,538.67
4439,2023-11-07,541.67
4440,2023-12-07,542.49
4441,2023-07-13,548.75
4442,2023-07-14,558.33
4443,2023-07-17,551.67
4444,2023-07-18,553.33
4445,2023-07-19,553.33
4446,2023-07-20,551.25
4447,2023-07-21,552.33
4448,2023-07-24,561.67
4449,2023-07-25,575.0
4450,2023-07-26,575.0
4451,2023-07-27,575.0
4452,2023-07-28,575.0
4453,2023-07-31,575.0
4454,2023-01-08,575.0
4455,2023-02-08,570.0
4456,2023-03-08,564.0
4457,2023-04-08,568.33
4458,2023-07-08,568.33
4459,2023-08-08,568.33
4460,2023-09-08,565.0
4461,2023-10-08,561.67
4462,2023-11-08,560.0
4463,2023-08-14,555.0
4464,2023-08-15,555.0
4465,2023-08-16,555.0
4466,2023-08-17,548.33
4467,2023-08-18,545.0
4468,2023-08-21,545.0
4469,2023-08-22,545.0
4470,2023-08-23,555.0
4471,2023-08-24,554.0
4472,2023-08-25,554.0
4473,2023-08-28,549.0
4474,2023-08-29,545.33
4475,2023-08-30,543.67
4476,2023-08-31,545.0
4477,2023-01-09,551.58
4478,2023-04-09,553.33
4479,2023-05-09,553.33
4480,2023-06-09,552.5
4481,2023-07-09,550.0
4482,2023-08-09,545.0
4483,2023-11-09,546.0
4484,2023-12-09,547.33